,double,speed,length,real_sourceName,pred_sourceName
0,0.31,2.505368647,22.83464567,0,0
1,0.28,1.811918397,23.22834646,0,0
2,0.2236666667,3.534359341,32.93963255,0,0
3,0.31,2.661954188,25.59055118,0,0
4,0.295,2.326413744,22.04724409,0,0
5,0.259,3.892269148,33.46456693,0,0
6,0.291,1.834287759,16.14173228,0,0
7,0.233,2.415891195,31.88976378,0,0
8,0.277,3.086972083,28.34645669,0,0
9,0.269,2.952755906,29.92125984,0,0
10,0.283,3.847530422,34.2519685,0,0
11,0.26,3.176449535,29.13385827,0,0
12,0.28,1.834287759,18.11023622,0,0
13,0.255,3.60146743,32.28346457,0,0
14,0.263,2.035612026,19.68503937,0,0
15,0.328,2.706692913,24.80314961,1,0
16,0.282,4.473872584,40.94488189,0,0
17,0.289,2.975125268,29.33070866,0,0
18,0.29,3.288296349,31.49606299,0,0
19,0.265,3.154080172,29.52755906,0,0
20,0.287,3.265926986,32.67716535,0,0
21,0.245,3.825161059,32.67716535,0,0
22,0.296,3.265926986,31.1023622,0,0
23,0.294,1.677702219,24.80314961,0,0
24,0.27,2.729062276,30.31496063,0,0
25,0.282,2.281675018,24.01574803,0,0
26,0.282,4.183070866,37.4015748,0,0
27,0.243,2.125089477,24.80314961,0,0
28,0.265,3.534359341,32.67716535,0,0
29,0.277,3.489620616,32.28346457,0,0
30,0.26,2.729062276,19.68503937,0,0
31,0.306,3.44488189,29.92125984,0,0
32,0.287,3.355404438,30.31496063,0,0
33,0.316,1.476377953,16.53543307,0,0
34,0.276,3.690944882,35.03937008,0,0
35,0.26,1.834287759,19.68503937,0,0
36,0.307,2.281675018,21.65354331,0,0
37,0.321,1.9908733,21.25984252,0,0
38,0.286,2.393521832,24.40944882,0,0
39,0.25575,3.416920186,31.59448819,0,0
40,0.297,2.997494631,29.52755906,0,0
41,0.295,3.780422334,30.70866142,0,0
42,0.301,2.639584825,28.74015748,0,0
43,0.299,3.400143164,29.52755906,0,0
44,0.26,3.154080172,27.95275591,0,0
45,0.281,3.042233357,28.34645669,0,0
46,0.309,2.952755906,25.59055118,0,0
47,0.2723333333,2.83531675,28.2480315,0,0
48,0.307,2.080350752,20.86614173,1,0
49,0.287,3.44488189,30.31496063,0,0
50,0.264,1.565855404,17.32283465,0,0
51,0.287,3.556728704,33.46456693,0,0
52,0.245,2.304044381,23.62204724,0,0
53,0.261,2.639584825,14.17322835,0,0
54,0.274,2.661954188,26.37795276,0,0
55,0.305,3.131710809,28.74015748,0,0
56,0.258,2.326413744,23.22834646,0,0
57,0.272,3.109341446,32.28346457,0,0
58,0.319,2.214566929,21.25984252,1,0
59,0.312,3.131710809,29.13385827,0,0
60,0.27,2.751431639,25.59055118,0,0
61,0.262,3.422512527,33.07086614,0,0
62,0.306,2.393521832,25.59055118,0,0
63,0.286,2.169828203,27.55905512,0,0
64,0.319,2.348783107,24.80314961,0,0
65,0.283,2.952755906,27.95275591,0,0
66,0.289,2.281675018,25.98425197,0,0
67,0.265,2.52773801,25.59055118,0,0
68,0.302,2.304044381,27.55905512,0,0
69,0.265,3.042233357,30.70866142,0,0
70,0.282,3.042233357,29.52755906,0,0
71,0.287,3.243557623,28.74015748,0,0
72,0.294,2.781257456,28.34645669,0,0
73,0.279,2.863278454,25.59055118,0,0
74,0.281,3.288296349,30.70866142,0,0
75,0.326,2.393521832,25.59055118,1,0
76,0.252,1.811918397,20.47244094,0,0
77,0.281,2.796170365,26.37795276,0,0
78,0.211,1.319792412,19.68503937,0,0
79,0.27,3.556728704,30.31496063,0,0
80,0.266,2.706692913,28.34645669,0,0
81,0.309,2.482999284,23.22834646,0,0
82,0.2788333333,1.543486042,15.7480315,0,0
83,0.296,2.304044381,23.22834646,0,0
84,0.258,3.847530422,31.88976378,0,0
85,0.263,2.52773801,29.92125984,0,0
86,0.299,3.914638511,31.49606299,0,0
87,0.32,2.192197566,24.40944882,1,0
88,0.3,3.355404438,29.52755906,0,0
89,0.3255,2.572476736,26.77165354,1,0
90,0.269,3.333035075,31.1023622,0,0
91,0.272,3.288296349,22.44094488,0,0
92,0.323,1.61059413,18.8976378,0,0
93,0.319,2.952755906,25.59055118,0,0
94,0.295,2.326413744,23.22834646,0,0
95,0.292,3.623836793,31.1023622,0,0
96,0.302,2.14745884,24.40944882,1,0
97,0.253,3.713314245,31.88976378,0,0
98,0.262,2.348783107,30.31496063,0,0
99,0.292,3.869899785,35.03937008,0,0
100,0.282,3.288296349,31.88976378,0,0
101,0.273,3.713314245,29.92125984,0,0
102,0.287,2.930386543,28.34645669,0,0
103,0.322,2.415891195,24.80314961,1,0
104,0.294,2.617215462,24.01574803,0,0
105,0.288,2.550107373,24.01574803,0,0
106,0.317,3.042233357,27.55905512,0,0
107,0.25,3.623836793,31.1023622,0,0
108,0.258,2.997494631,26.77165354,0,0
109,0.229,3.489620616,31.49606299,0,0
110,0.279,3.109341446,27.55905512,0,0
111,0.274,2.818539728,28.34645669,0,0
112,0.284,2.729062276,29.92125984,0,0
113,0.285,3.534359341,33.07086614,0,0
114,0.273,2.773801002,27.95275591,0,0
115,0.356,2.102720115,25.98425197,0,0
116,0.265,2.013242663,21.65354331,0,0
117,0.2676666667,3.236101169,32.02099738,0,0
118,0.295,3.892269148,33.46456693,0,0
119,0.261,2.751431639,27.55905512,0,0
120,0.28,3.355404438,32.28346457,0,0
121,0.311,2.214566929,22.83464567,1,1
122,0.21,3.221188261,30.31496063,0,0
123,0.251,3.377773801,29.13385827,0,0
124,0.294,3.668575519,33.07086614,0,0
125,0.282,3.377773801,32.67716535,0,0
126,0.328,2.192197566,24.40944882,0,0
127,0.281,2.594846099,25.19685039,0,0
128,0.248,2.304044381,24.01574803,0,0
129,0.259,2.52773801,22.04724409,0,0
130,0.236,2.348783107,22.83464567,0,0
131,0.282,2.304044381,24.80314961,0,0
132,0.27,3.623836793,34.2519685,0,0
133,0.257,1.789549034,21.25984252,0,0
134,0.321,2.348783107,25.19685039,0,0
135,0.269,2.706692913,29.52755906,0,0
136,0.235,2.348783107,25.98425197,0,0
137,0.297,3.221188261,33.85826772,0,0
138,0.265,1.45400859,16.92913386,0,0
139,0.25,1.297423049,20.47244094,0,0
140,0.285,2.930386543,28.34645669,0,0
141,0.312,2.661954188,27.95275591,0,0
142,0.285,3.109341446,29.52755906,0,0
143,0.282,3.131710809,26.37795276,0,0
144,0.299,3.109341446,29.13385827,0,0
145,0.328,1.923765211,18.50393701,1,1
146,0.287,2.930386543,27.55905512,0,0
147,0.294,3.422512527,29.92125984,0,0
148,0.301,2.930386543,25.98425197,0,0
149,0.284,3.176449535,28.34645669,0,0
150,0.294,2.125089477,24.80314961,0,0
151,0.277,2.326413744,22.83464567,0,0
152,0.259,2.415891195,25.19685039,0,0
153,0.309,3.489620616,31.1023622,0,0
154,0.2894285714,2.975125268,31.55230596,0,0
155,0.3,3.131710809,29.13385827,0,0
156,0.335,3.355404438,27.55905512,0,0
157,0.272,1.319792412,20.07874016,0,0
158,0.321,2.393521832,25.59055118,0,0
159,0.282,3.9817466,35.03937008,0,0
160,0.29,3.333035075,31.88976378,0,0
161,0.321,1.543486042,19.68503937,0,0
162,0.294,2.796170365,26.64041995,1,0
163,0.315,3.042233357,27.95275591,0,0
164,0.273,2.840909091,29.13385827,0,0
165,0.249,3.288296349,31.1023622,0,0
166,0.255,3.400143164,31.49606299,0,0
167,0.293,3.400143164,32.67716535,0,0
168,0.306,3.221188261,31.1023622,0,0
169,0.297,3.556728704,29.92125984,0,0
170,0.258,3.176449535,30.31496063,0,0
171,0.308,2.818539728,26.37795276,0,0
172,0.253,2.885647817,29.92125984,0,0
173,0.286,2.52773801,30.31496063,0,0
174,0.311,2.080350752,26.37795276,0,0
175,0.285,3.735683608,32.28346457,0,0
176,0.263,2.080350752,19.68503937,0,0
177,0.313,2.952755906,28.34645669,0,0
178,0.264,3.467251253,32.67716535,0,0
179,0.317,2.975125268,25.98425197,0,0
180,0.272,3.44488189,33.46456693,0,0
181,0.295,2.773801002,24.01574803,0,0
182,0.274,1.901395848,19.68503937,0,0
183,0.323,2.281675018,23.62204724,0,0
184,0.3025,2.551971487,25.82020997,0,0
185,0.258,2.594846099,26.77165354,0,0
186,0.326,2.505368647,25.19685039,1,0
187,0.346,1.45400859,20.07874016,0,0
188,0.2833333333,2.801762706,26.87007874,0,0
189,0.295,3.019863994,27.55905512,0,0
190,0.281,3.690944882,25.98425197,0,0
191,0.28,3.377773801,26.77165354,0,0
192,0.297,2.617215462,24.40944882,0,0
193,0.247,2.930386543,27.95275591,0,0
194,0.278,2.14745884,20.86614173,0,0
195,0.334,2.930386543,31.1023622,0,0
196,0.291,3.467251253,31.88976378,0,0
197,0.271,3.198818898,33.46456693,0,0
198,0.26,2.706692913,30.31496063,0,0
199,0.261,3.131710809,31.1023622,0,0
200,0.332,1.9908733,24.80314961,0,0
201,0.289,3.646206156,33.85826772,0,0
202,0.292,2.304044381,22.04724409,0,0
203,0.299,1.655332856,16.92913386,0,0
204,0.279,3.534359341,27.55905512,0,0
205,0.269,3.086972083,34.2519685,0,0
206,0.311,1.767179671,19.29133858,1,0
207,0.243,2.393521832,24.80314961,0,0
208,0.285,3.243557623,31.1023622,0,0
209,0.309,2.393521832,23.62204724,0,0
210,0.312,2.706692913,27.16535433,1,0
211,0.273,3.690944882,31.1023622,0,0
212,0.293,2.930386543,28.74015748,0,0
213,0.287,3.511989979,31.88976378,0,0
214,0.279,4.227809592,32.67716535,0,0
215,0.279,3.556728704,34.2519685,0,0
216,0.254,2.661954188,24.40944882,0,0
217,0.271,2.952755906,26.37795276,0,0
218,0.254,3.386721546,32.67716535,0,0
219,0.318,3.467251253,29.13385827,0,0
220,0.28,2.975125268,29.13385827,0,0
221,0.324,3.198818898,27.95275591,0,0
222,0.312,2.080350752,20.86614173,1,0
223,0.3118,2.218295156,23.88451444,0,0
224,0.304,1.297423049,19.68503937,0,0
225,0.266,1.431639227,24.40944882,0,0
226,0.331,2.057981389,24.80314961,0,0
227,0.273,3.154080172,31.49606299,0,0
228,0.266,3.623836793,32.28346457,0,0
229,0.258,3.131710809,28.34645669,1,0
230,0.31,3.265926986,28.74015748,0,0
231,0.257,2.796170365,31.88976378,0,0
232,0.258,3.646206156,32.28346457,0,0
233,0.244,3.690944882,32.67716535,1,0
234,0.335,1.923765211,21.25984252,1,0
235,0.332,2.063573729,23.12992126,0,0
236,0.229,3.019863994,28.34645669,0,0
237,0.341,1.744810308,22.44094488,0,0
238,0.29,4.004115963,33.46456693,0,0
239,0.326,3.825161059,32.28346457,0,0
240,0.286,2.840909091,27.16535433,0,0
241,0.275,3.422512527,30.70866142,0,0
242,0.274,2.125089477,20.47244094,0,0
243,0.302,3.310665712,31.1023622,0,0
244,0.236,2.930386543,33.46456693,0,0
245,0.305,4.272548318,35.43307087,0,0
246,0.244,2.52773801,22.83464567,0,0
247,0.301,4.004115963,34.64566929,0,0
248,0.309,2.997494631,27.55905512,0,0
249,0.259,2.796170365,29.92125984,0,0
250,0.273,2.930386543,28.34645669,0,0
251,0.299,3.243557623,23.62204724,0,0
252,0.267,3.221188261,29.52755906,0,0
253,0.312,2.617215462,23.62204724,0,0
254,0.271,2.594846099,25.19685039,0,0
255,0.304,2.751431639,26.77165354,0,0
256,0.323,3.9817466,38.18897638,0,0
257,0.302,2.818539728,27.55905512,0,0
258,0.286,2.840909091,27.16535433,0,0
259,0.295,1.655332856,21.25984252,0,0
260,0.306,1.61059413,19.68503937,0,0
261,0.267,3.847530422,33.85826772,0,0
262,0.299,2.214566929,22.04724409,0,0
263,0.304,3.042233357,27.55905512,0,0
264,0.338,2.594846099,25.19685039,1,1
265,0.31,3.60146743,33.07086614,0,0
266,0.289,2.460629921,23.62204724,0,0
267,0.293,2.661954188,27.95275591,0,0
268,0.297,3.131710809,31.1023622,0,0
269,0.27,3.825161059,34.64566929,0,0
270,0.248,2.393521832,24.80314961,0,0
271,0.259,2.214566929,24.01574803,0,0
272,0.288,2.348783107,23.62204724,0,0
273,0.286,2.751431639,24.80314961,1,0
274,0.23275,3.579098067,35.03937008,0,0
275,0.295,2.393521832,31.1023622,0,0
276,0.306,1.319792412,17.32283465,0,0
277,0.312,3.131710809,30.31496063,0,0
278,0.325,2.438260558,22.44094488,0,0
279,0.28,3.288296349,29.52755906,0,0
280,0.337,1.521116679,17.32283465,0,0
281,0.276,3.109341446,29.13385827,0,0
282,0.297,3.06460272,29.92125984,0,0
283,0.315,2.706692913,27.95275591,0,0
284,0.297,2.975125268,28.34645669,0,0
285,0.302,3.221188261,32.28346457,0,0
286,0.256,2.348783107,21.25984252,0,0
287,0.282,2.796170365,27.95275591,0,0
288,0.279,1.632963493,23.62204724,0,0
289,0.306,1.923765211,20.07874016,0,0
290,0.311,2.572476736,25.59055118,0,0
291,0.293,3.086972083,28.34645669,0,0
292,0.267,2.572476736,24.80314961,0,0
293,0.327,2.102720115,21.65354331,1,0
294,0.282,2.796170365,25.98425197,0,0
295,0.275,3.422512527,30.70866142,0,0
296,0.239,2.863278454,27.55905512,0,0
297,0.262,3.310665712,32.28346457,0,0
298,0.22,2.90801718,31.1023622,0,0
299,0.263,2.326413744,24.01574803,0,0
300,0.299,2.438260558,28.74015748,0,0
301,0.311,2.975125268,29.13385827,0,0
302,0.317,2.348783107,24.01574803,0,0
303,0.285,3.265926986,30.31496063,0,0
304,0.292,1.901395848,22.83464567,0,0
305,0.277,2.885647817,25.98425197,0,0
306,0.306,3.467251253,31.1023622,0,0
307,0.267,5.010737294,45.27559055,0,0
308,0.305,2.572476736,24.40944882,0,0
309,0.325,3.019863994,27.55905512,0,0
310,0.288,2.259305655,25.19685039,0,0
311,0.294,2.773801002,26.37795276,0,0
312,0.291,2.035612026,31.1023622,0,0
313,0.253,2.572476736,27.16535433,0,0
314,0.296,2.482999284,24.40944882,0,0
315,0.264,3.243557623,29.52755906,0,0
316,0.239,2.572476736,23.62204724,0,0
317,0.239,3.758052971,38.58267717,0,0
318,0.334,3.556728704,29.92125984,0,0
319,0.289,2.997494631,33.46456693,0,0
320,0.264,2.125089477,22.44094488,0,0
321,0.294,3.511989979,29.92125984,0,0
322,0.312,2.885647817,25.59055118,0,0
323,0.259,3.735683608,33.46456693,0,0
324,0.293,2.236936292,21.25984252,0,0
325,0.301,3.869899785,24.80314961,0,0
326,0.249,2.729062276,26.37795276,0,0
327,0.335,2.471814603,25.49212598,0,0
328,0.314,2.236936292,27.16535433,0,0
329,0.27,2.840909091,27.95275591,0,0
330,0.33,2.348783107,23.62204724,0,0
331,0.303,2.617215462,28.34645669,0,0
332,0.287,3.042233357,27.16535433,0,0
333,0.29,2.482999284,21.65354331,0,0
334,0.30075,2.574962221,27.09973753,0,0
335,0.302,2.930386543,28.74015748,0,0
336,0.283,2.306840551,24.9015748,0,0
337,0.287,3.243557623,32.67716535,0,0
338,0.277,3.623836793,32.67716535,0,0
339,0.308,2.729062276,25.19685039,0,0
340,0.29,2.90801718,29.13385827,0,0
341,0.292,2.125089477,23.62204724,0,0
342,0.318,2.997494631,27.55905512,0,0
343,0.308,2.482999284,21.25984252,0,0
344,0.284,2.52773801,26.77165354,0,0
345,0.262,3.221188261,30.70866142,0,0
346,0.254,2.751431639,25.19685039,0,0
347,0.278,3.265926986,29.13385827,0,0
348,0.315,2.930386543,27.95275591,0,0
349,0.275,3.243557623,29.52755906,0,0
350,0.239,2.68432355,25.59055118,0,0
351,0.287,2.952755906,30.31496063,0,0
352,0.325,2.840909091,26.37795276,0,0
353,0.299,3.489620616,31.49606299,0,0
354,0.29,2.885647817,31.88976378,0,0
355,0.318,2.997494631,27.95275591,0,0
356,0.243,1.946134574,19.68503937,0,0
357,0.258,3.265926986,30.31496063,0,0
358,0.297,1.297423049,18.8976378,0,0
359,0.243,3.333035075,29.13385827,0,0
360,0.3175,2.337598425,22.44094488,1,1
361,0.245,3.758052971,35.43307087,0,0
362,0.287,3.690944882,32.67716535,0,0
363,0.339,2.326413744,23.22834646,0,1
364,0.256,3.668575519,33.07086614,0,0
365,0.255,1.476377953,18.11023622,0,0
366,0.235,3.086972083,27.55905512,0,0
367,0.26,2.102720115,25.19685039,0,0
368,0.302,2.952755906,25.19685039,0,0
369,0.298,1.901395848,24.40944882,0,0
370,0.267,2.460629921,27.55905512,0,0
371,0.258,2.415891195,25.59055118,0,0
372,0.267,3.825161059,34.64566929,0,0
373,0.232,2.572476736,24.80314961,0,0
374,0.331,1.946134574,24.57817773,0,0
375,0.316,3.534359341,31.49606299,0,0
376,0.2885,2.829724409,28.54330709,0,0
377,0.261,3.131710809,29.13385827,0,0
378,0.295,3.690944882,30.70866142,0,0
379,0.298,2.482999284,25.98425197,0,0
380,0.219,2.236936292,22.44094488,0,0
381,0.276,2.393521832,25.98425197,0,0
382,0.295,3.109341446,29.13385827,1,0
383,0.313,3.534359341,33.07086614,0,0
384,0.253,1.588224767,22.04724409,0,0
385,0.259,3.221188261,28.74015748,0,0
386,0.258,2.773801002,26.77165354,0,0
387,0.292,3.310665712,28.34645669,0,0
388,0.279,2.281675018,27.55905512,0,0
389,0.263,3.109341446,28.74015748,0,0
390,0.288,2.035612026,21.25984252,1,0
391,0.267,2.729062276,31.88976378,0,0
392,0.245,3.489620616,31.49606299,0,0
393,0.271,3.288296349,20.86614173,0,0
394,0.289,4.048854689,16.14173228,0,0
395,0.304,2.930386543,27.95275591,1,0
396,0.265,3.131710809,27.95275591,0,0
397,0.292,2.057981389,22.44094488,0,0
398,0.27,3.243557623,30.31496063,0,0
399,0.265,1.319792412,19.29133858,0,0
400,0.32,4.13833214,37.4015748,0,0
401,0.308,1.498747316,14.56692913,0,0
402,0.286,3.176449535,30.31496063,0,0
403,0.255,3.333035075,29.52755906,0,0
404,0.3,3.154080172,29.92125984,0,0
405,0.242,2.460629921,22.44094488,0,0
406,0.305,2.68432355,27.16535433,0,0
407,0.248,2.550107373,30.31496063,0,0
408,0.288,3.825161059,30.70866142,0,0
409,0.306,2.617215462,26.37795276,1,0
410,0.274,3.377773801,30.31496063,0,0
411,0.26,3.265926986,28.34645669,0,0
412,0.287,2.192197566,24.01574803,0,0
413,0.299,2.639584825,26.77165354,0,0
414,0.294,2.997494631,27.16535433,0,0
415,0.274,3.198818898,27.55905512,0,0
416,0.272,3.131710809,26.77165354,1,0
417,0.28,3.265926986,30.70866142,0,0
418,0.255,3.534359341,34.2519685,0,0
419,0.274,2.840909091,34.2519685,0,0
420,0.268,2.773801002,25.19685039,0,0
421,0.323,2.035612026,19.68503937,0,0
422,0.256,2.057981389,21.25984252,1,0
423,0.268,2.796170365,28.74015748,0,0
424,0.286,3.243557623,31.49606299,0,0
425,0.277,2.415891195,24.40944882,0,0
426,0.278,1.811918397,18.8976378,0,0
427,0.289,3.198818898,31.88976378,0,0
428,0.275,3.44488189,25.59055118,0,0
429,0.284,2.236936292,25.19685039,0,0
430,0.313,3.288296349,30.70866142,0,0
431,0.287,2.90801718,31.1023622,0,0
432,0.266,3.019863994,30.31496063,0,0
433,0.328,3.579098067,31.49606299,0,0
434,0.262,3.534359341,35.82677165,0,0
435,0.302,3.780422334,34.64566929,0,0
436,0.305,2.37115247,24.80314961,1,0
437,0.228,3.422512527,24.40944882,0,0
438,0.333,2.840909091,28.74015748,0,0
439,0.2986666667,3.03850513,27.88713911,0,0
440,0.302,2.840909091,25.98425197,0,0
441,0.294,2.438260558,26.37795276,0,0
442,0.275,3.154080172,29.52755906,0,0
443,0.30425,2.583661417,26.18110236,0,0
444,0.273,3.377773801,29.92125984,0,0
445,0.276,3.780422334,35.03937008,0,0
446,0.243,2.594846099,26.77165354,0,0
447,0.3,2.281675018,22.83464567,0,0
448,0.28,2.952755906,29.13385827,0,0
449,0.317,3.735683608,32.67716535,0,0
450,0.298,3.802791696,36.22047244,0,0
451,0.273,2.818539728,26.37795276,0,0
452,0.262,2.348783107,27.95275591,0,0
453,0.293,2.572476736,24.01574803,0,0
454,0.293,3.265926986,29.13385827,0,0
455,0.266,2.773801002,29.92125984,0,0
456,0.234,1.968503937,22.44094488,0,0
457,0.274,2.975125268,29.52755906,0,0
458,0.311,2.281675018,24.01574803,0,0
459,0.314,3.109341446,30.31496063,0,0
460,0.32,3.780422334,29.13385827,0,0
461,0.332,3.310665712,32.67716535,0,0
462,0.314,2.37115247,24.40944882,1,0
463,0.26,2.952755906,29.52755906,0,0
464,0.262,3.668575519,24.40944882,0,0
465,0.226,3.780422334,37.00787402,0,0
466,0.296,3.489620616,29.13385827,0,0
467,0.308,3.221188261,22.04724409,0,0
468,0.307,3.176449535,31.49606299,0,0
469,0.275,2.348783107,22.04724409,0,0
470,0.308,1.946134574,21.06299213,0,0
471,0.242,1.431639227,21.25984252,0,0
472,0.326,1.968503937,20.86614173,1,0
473,0.305,3.400143164,29.13385827,0,0
474,0.29,2.102720115,22.83464567,0,0
475,0.293,2.550107373,28.74015748,0,0
476,0.277,2.37115247,21.65354331,0,0
477,0.3065,2.661954188,27.55905512,1,0
478,0.296,3.9817466,36.61417323,0,0
479,0.282,2.639584825,25.59055118,0,0
480,0.267,3.467251253,33.07086614,0,0
481,0.258,2.348783107,22.83464567,0,0
482,0.224,3.221188261,27.16535433,0,0
483,0.254,3.243557623,29.52755906,0,0
484,0.244,2.594846099,24.01574803,0,0
485,0.256,3.623836793,22.83464567,0,0
486,0.276,3.265926986,28.74015748,0,0
487,0.341,2.885647817,24.80314961,0,0
488,0.336,2.661954188,26.37795276,0,1
489,0.285,1.811918397,17.32283465,0,0
490,0.287,3.735683608,25.98425197,0,0
491,0.312,3.44488189,31.88976378,0,0
492,0.262,3.400143164,31.49606299,0,0
493,0.256,2.796170365,27.55905512,0,0
494,0.251,2.796170365,27.16535433,0,0
495,0.29,3.019863994,28.74015748,0,0
496,0.284,2.438260558,24.40944882,0,0
497,0.278,3.086972083,29.52755906,0,0
498,0.257,3.06460272,31.49606299,0,0
499,0.275,3.06460272,27.16535433,0,0
500,0.293,1.230314961,19.29133858,0,0
501,0.281,3.377773801,31.49606299,0,0
502,0.246,2.304044381,27.95275591,0,0
503,0.308,2.90801718,25.98425197,0,0
504,0.265,3.243557623,28.74015748,0,0
505,0.239,2.057981389,21.25984252,0,0
506,0.304,2.438260558,23.62204724,0,0
507,0.254,3.623836793,36.61417323,0,0
508,0.272,3.265926986,31.49606299,0,0
509,0.247,2.796170365,28.34645669,0,0
510,0.245,3.243557623,27.95275591,0,0
511,0.276,1.297423049,19.68503937,0,0
512,0.27,3.690944882,34.2519685,0,0
513,0.282,3.154080172,31.88976378,0,0
514,0.321,3.042233357,29.13385827,0,0
515,0.274,3.534359341,29.52755906,0,0
516,0.277,2.863278454,27.16535433,0,0
517,0.309,3.221188261,31.49606299,0,0
518,0.283,3.243557623,28.34645669,0,0
519,0.275,3.489620616,33.07086614,0,0
520,0.295,3.847530422,34.64566929,0,0
521,0.311,2.911212803,27.72778403,0,0
522,0.291,2.214566929,24.40944882,0,0
523,0.31,2.706692913,28.74015748,0,0
524,0.293,3.042233357,29.92125984,0,0
525,0.312,2.729062276,29.13385827,0,0
526,0.275,2.057981389,30.31496063,0,0
527,0.307,3.44488189,29.92125984,0,0
528,0.321,1.364531138,19.68503937,0,0
529,0.261,3.60146743,30.70866142,0,0
530,0.284,2.550107373,26.37795276,0,0
531,0.274,3.131710809,28.34645669,0,0
532,0.311,3.377773801,30.70866142,0,0
533,0.282,3.243557623,29.52755906,0,0
534,0.3195,2.013242663,23.22834646,0,0
535,0.296,2.840909091,25.98425197,0,0
536,0.298,2.885647817,29.52755906,0,0
537,0.325,2.438260558,24.80314961,0,0
538,0.296,4.026485326,35.43307087,0,0
539,0.292,2.304044381,19.29133858,0,0
540,0.261,2.796170365,25.98425197,0,0
541,0.282,2.214566929,22.44094488,0,0
542,0.32,3.243557623,29.92125984,0,0
543,0.289,2.885647817,24.01574803,0,0
544,0.259,3.221188261,29.52755906,0,0
545,0.278,3.154080172,28.34645669,0,0
546,0.307,2.482999284,24.80314961,0,1
547,0.283,2.840909091,28.74015748,0,0
548,0.28,3.489620616,33.46456693,0,0
549,0.244,2.326413744,25.98425197,0,0
550,0.316,3.377773801,28.34645669,0,0
551,0.236,4.13833214,37.4015748,0,0
552,0.289,3.154080172,29.92125984,0,0
553,0.303,3.243557623,29.13385827,0,0
554,0.265,3.109341446,29.92125984,0,0
555,0.299,2.818539728,26.37795276,0,0
556,0.278,3.780422334,31.49606299,0,0
557,0.255,2.348783107,24.40944882,0,0
558,0.322,1.834287759,20.07874016,0,0
559,0.263,2.818539728,25.98425197,0,0
560,0.291,2.393521832,23.62204724,0,0
561,0.239,3.791607015,32.08661417,0,0
562,0.279,3.780422334,26.77165354,0,0
563,0.289,3.847530422,35.43307087,0,0
564,0.293,1.677702219,19.29133858,0,0
565,0.325,1.9908733,19.68503937,1,0
566,0.268,3.511989979,31.88976378,0,0
567,0.296,2.639584825,25.98425197,0,0
568,0.281,2.617215462,24.80314961,0,0
569,0.307,3.400143164,24.80314961,0,0
570,0.274,3.131710809,28.34645669,0,0
571,0.311,2.594846099,25.59055118,0,0
572,0.283,2.639584825,25.59055118,0,0
573,0.267,3.131710809,31.88976378,0,0
574,0.263,2.773801002,30.70866142,0,0
575,0.289,2.952755906,25.98425197,0,0
576,0.319,2.393521832,25.19685039,1,0
577,0.259,3.310665712,32.67716535,0,0
578,0.267,3.422512527,31.88976378,0,0
579,0.294,3.44488189,31.88976378,0,0
580,0.332,2.52773801,23.22834646,1,0
581,0.288,3.400143164,32.28346457,0,0
582,0.317,2.326413744,24.80314961,0,0
583,0.245,2.975125268,25.98425197,0,0
584,0.316,3.06460272,29.13385827,0,0
585,0.294,2.840909091,27.95275591,0,0
586,0.305,2.080350752,19.68503937,0,0
587,0.26,3.646206156,27.55905512,0,0
588,0.302,2.572476736,25.98425197,0,0
589,0.317,2.90801718,29.92125984,0,0
590,0.307,2.326413744,24.01574803,0,0
591,0.282,2.863278454,29.52755906,0,0
592,0.286,3.086972083,31.1023622,0,0
593,0.311,3.086972083,30.31496063,0,0
594,0.217,3.019863994,29.13385827,0,0
595,0.243,2.975125268,23.22834646,0,0
596,0.289,3.265926986,31.1023622,0,0
597,0.344,2.057981389,23.22834646,1,0
598,0.305,1.655332856,19.68503937,0,0
599,0.283,2.930386543,26.37795276,0,0
600,0.2854,2.934860415,29.92125984,0,0
601,0.326,2.997494631,30.31496063,0,0
602,0.282,3.243557623,28.74015748,0,0
603,0.274,1.923765211,25.19685039,0,0
604,0.264,3.288296349,30.70866142,0,0
605,0.29,2.661954188,24.80314961,0,0
606,0.2945,2.68432355,28.54330709,0,0
607,0.317,2.460629921,23.62204724,0,0
608,0.286,3.355404438,31.49606299,0,0
609,0.28,3.042233357,26.77165354,0,0
610,0.288,2.482999284,26.77165354,0,0
611,0.283,2.281675018,24.01574803,0,0
612,0.274,3.713314245,33.07086614,0,0
613,0.265,2.281675018,25.98425197,0,0
614,0.248,3.131710809,31.49606299,0,0
615,0.3,3.131710809,30.31496063,0,0
616,0.288,3.042233357,29.13385827,0,0
617,0.24,3.221188261,25.19685039,0,0
618,0.266,1.028990694,18.8976378,0,0
619,0.284,3.422512527,31.1023622,0,0
620,0.299,2.796170365,25.59055118,0,0
621,0.311,3.422512527,31.49606299,0,0
622,0.239,2.415891195,31.88976378,0,0
623,0.328,2.192197566,24.01574803,1,0
624,0.264,1.700071582,21.25984252,0,0
625,0.267,3.265926986,28.34645669,0,0
626,0.311,1.677702219,19.68503937,0,0
627,0.27,3.333035075,32.28346457,0,0
628,0.343,1.655332856,18.8976378,0,0
629,0.295,1.364531138,20.47244094,0,0
630,0.299,2.617215462,25.59055118,0,0
631,0.285,3.534359341,32.67716535,0,0
632,0.2438,3.333035075,31.75853018,0,0
633,0.264,3.690944882,34.2519685,0,0
634,0.26,3.355404438,30.70866142,0,0
635,0.299,2.68432355,28.34645669,0,0
636,0.294,3.355404438,30.70866142,0,0
637,0.278,2.975125268,25.59055118,0,0
638,0.292,3.60146743,31.1023622,0,0
639,0.284,3.310665712,31.88976378,0,0
640,0.283,2.438260558,29.52755906,0,0
641,0.273,2.460629921,25.98425197,0,0
642,0.276,3.422512527,32.28346457,0,0
643,0.316,2.594846099,25.59055118,1,1
644,0.284,3.042233357,28.74015748,0,0
645,0.296,1.968503937,21.25984252,0,0
646,0.312,3.131710809,31.49606299,0,0
647,0.269,3.780422334,32.67716535,0,0
648,0.265,3.288296349,31.1023622,0,0
649,0.334,1.677702219,17.71653543,1,0
650,0.264,4.026485326,33.85826772,0,0
651,0.269,3.668575519,33.85826772,0,0
652,0.263,3.221188261,29.92125984,0,0
653,0.297,3.690944882,29.13385827,0,0
654,0.276,1.9908733,18.8976378,0,0
655,0.264,3.265926986,28.74015748,0,0
656,0.322,3.60146743,33.46456693,0,0
657,0.256,2.863278454,27.55905512,0,0
658,0.3195,2.013242663,23.22834646,0,0
659,0.305,2.885647817,29.52755906,0,0
660,0.266,3.333035075,29.92125984,0,0
661,0.296,3.221188261,26.77165354,0,0
662,0.317,2.102720115,17.71653543,0,0
663,0.33,3.265926986,30.70866142,0,0
664,0.284,2.930386543,28.34645669,0,0
665,0.256,2.438260558,23.62204724,0,0
666,0.282,2.885647817,24.01574803,0,0
667,0.285,3.019863994,30.70866142,0,0
668,0.326,3.579098067,33.07086614,0,0
669,0.251,3.355404438,28.74015748,0,0
670,0.28,2.997494631,29.52755906,0,0
671,0.275,1.767179671,24.01574803,0,0
672,0.292,3.086972083,29.13385827,0,0
673,0.3,2.035612026,21.65354331,0,0
674,0.261,3.668575519,34.2519685,0,0
675,0.31,2.348783107,24.01574803,0,0
676,0.272,2.281675018,23.62204724,0,0
677,0.327,1.946134574,21.25984252,0,0
678,0.325,3.735683608,27.55905512,0,0
679,0.285,2.818539728,31.1023622,0,0
680,0.246,3.176449535,31.1023622,0,0
681,0.336,2.572476736,20.07874016,0,0
682,0.259,2.482999284,27.95275591,0,0
683,0.274,3.668575519,33.46456693,0,0
684,0.287,3.690944882,33.46456693,0,0
685,0.276,3.176449535,30.70866142,0,0
686,0.291,2.863278454,29.13385827,0,0
687,0.307,2.236936292,24.80314961,1,0
688,0.268,2.192197566,20.86614173,0,0
689,0.247,2.505368647,27.16535433,0,0
690,0.312,3.131710809,25.59055118,0,0
691,0.302,2.706692913,24.01574803,0,0
692,0.293,2.840909091,26.37795276,0,0
693,0.286,3.019863994,25.98425197,0,0
694,0.305,2.013242663,20.07874016,0,0
695,0.275,2.863278454,26.77165354,0,0
696,0.276,2.751431639,28.74015748,0,0
697,0.282,3.467251253,31.49606299,0,0
698,0.288,2.057981389,28.34645669,0,0
699,0.297,3.60146743,29.92125984,0,0
700,0.279,3.019863994,25.59055118,0,0
701,0.271,2.997494631,28.74015748,0,0
702,0.292,2.930386543,29.13385827,0,0
703,0.292,2.013242663,21.65354331,0,0
704,0.26,2.729062276,26.77165354,0,0
705,0.347,2.796170365,26.77165354,0,1
706,0.2901666667,2.801762706,29.13385827,0,0
707,0.287,3.758052971,32.67716535,0,0
708,0.307,2.281675018,24.80314961,0,0
709,0.298,2.52773801,25.98425197,0,0
710,0.302,2.650769506,27.16535433,1,0
711,0.298,2.52773801,24.40944882,0,0
712,0.31,4.071224052,33.07086614,0,0
713,0.278,3.780422334,33.85826772,0,0
714,0.32,2.203382248,26.18110236,0,0
715,0.277,2.14745884,20.07874016,0,0
716,0.28,3.355404438,31.88976378,0,0
717,0.278,2.438260558,21.65354331,0,0
718,0.275,2.52773801,25.19685039,0,0
719,0.261,1.275053686,19.29133858,0,0
720,0.249,3.534359341,34.64566929,0,0
721,0.282,3.355404438,33.46456693,0,0
722,0.278,2.68432355,25.59055118,0,0
723,0.259,2.572476736,26.77165354,0,0
724,0.234,2.37115247,22.83464567,0,0
725,0.266,2.304044381,22.83464567,0,0
726,0.275,2.840909091,29.52755906,0,0
727,0.261,3.176449535,30.31496063,0,0
728,0.298,1.901395848,24.80314961,0,0
729,0.335,3.489620616,32.67716535,0,0
730,0.227,3.44488189,33.07086614,0,0
731,0.284,2.594846099,25.98425197,0,0
732,0.261,3.198818898,30.70866142,0,0
733,0.274,2.236936292,25.98425197,0,0
734,0.275,3.422512527,31.49606299,0,0
735,0.272,3.44488189,31.49606299,0,0
736,0.279,3.422512527,31.1023622,0,0
737,0.254,2.975125268,27.55905512,0,0
738,0.26475,3.416920186,32.97244094,0,0
739,0.245,2.773801002,25.98425197,0,0
740,0.249,2.125089477,23.62204724,0,0
741,0.268,2.796170365,28.34645669,0,0
742,0.261,1.856657122,30.31496063,0,0
743,0.304,2.326413744,23.22834646,0,0
744,0.304,2.304044381,23.62204724,0,0
745,0.262,3.511989979,32.38188976,0,0
746,0.306,3.802791696,35.03937008,0,0
747,0.316,2.90801718,27.55905512,0,0
748,0.246,1.901395848,18.8976378,0,0
749,0.288,2.594846099,31.88976378,0,0
750,0.289,2.885647817,24.01574803,0,0
751,0.229,3.735683608,33.85826772,0,0
752,0.282,2.505368647,30.70866142,0,0
753,0.289,2.952755906,29.79002625,0,0
754,0.318,1.297423049,14.96062992,0,0
755,0.3065,2.471814603,26.96850394,0,0
756,0.289,3.44488189,29.52755906,0,0
757,0.214,2.68432355,25.98425197,0,0
758,0.313,2.013242663,24.40944882,0,0
759,0.266,3.802791696,37.4015748,0,0
760,0.296,2.773801002,27.95275591,0,0
761,0.299,2.14745884,24.01574803,0,0
762,0.307,2.52773801,25.98425197,0,0
763,0.293,2.997494631,39.37007874,0,0
764,0.286,2.080350752,25.19685039,0,0
765,0.25,3.310665712,31.49606299,0,0
766,0.309,1.588224767,16.14173228,0,0
767,0.308,2.818539728,23.62204724,0,0
768,0.26,2.639584825,27.55905512,0,0
769,0.291,3.892269148,35.82677165,0,0
770,0.305,3.243557623,29.92125984,0,0
771,0.256,3.556728704,29.52755906,0,0
772,0.272,3.511989979,30.70866142,0,0
773,0.261,2.14745884,18.50393701,0,0
774,0.253,2.68432355,31.1023622,0,0
775,0.315,3.008679313,29.33070866,0,0
776,0.277,2.975125268,27.16535433,0,0
777,0.301,3.06460272,24.80314961,0,0
778,0.262,2.90801718,24.40944882,0,0
779,0.243,2.818539728,24.80314961,0,0
780,0.297,2.784985684,29.33070866,0,0
781,0.271,3.44488189,33.07086614,0,0
782,0.287,3.400143164,32.28346457,0,0
783,0.245,2.930386543,26.37795276,0,0
784,0.3,3.690944882,31.88976378,0,0
785,0.244,3.243557623,31.49606299,0,0
786,0.267,3.489620616,30.70866142,0,0
787,0.273,2.572476736,22.83464567,0,0
788,0.274,2.348783107,27.16535433,0,0
789,0.271,2.594846099,23.62204724,0,0
790,0.287,3.288296349,31.49606299,0,0
791,0.272,2.885647817,29.13385827,0,0
792,0.267,4.093593414,33.46456693,0,0
793,0.286,2.885647817,29.13385827,0,0
794,0.288,2.997494631,29.52755906,0,0
795,0.279,3.556728704,34.2519685,0,0
796,0.313,4.093593414,17.71653543,0,0
797,0.302,2.125089477,32.28346457,0,0
798,0.337,2.840909091,24.80314961,0,0
799,0.26,4.272548318,36.61417323,0,0
800,0.292,3.019863994,28.74015748,0,0
801,0.258,3.489620616,32.28346457,0,0
802,0.296,3.221188261,30.31496063,0,0
803,0.266,2.326413744,25.59055118,0,0
804,0.249,4.048854689,35.43307087,0,0
805,0.302,3.467251253,30.31496063,0,0
806,0.267,2.169828203,26.37795276,0,0
807,0.302,1.946134574,19.29133858,1,0
808,0.294,2.729062276,27.95275591,0,0
809,0.249,2.482999284,24.21259843,0,0
810,0.266,1.767179671,22.44094488,0,0
811,0.294,3.646206156,32.28346457,0,0
812,0.298,3.556728704,33.07086614,0,0
813,0.3,2.393521832,23.22834646,0,0
814,0.286,3.467251253,29.52755906,0,0
815,0.283,3.265926986,30.31496063,0,0
816,0.23,3.400143164,34.2519685,0,0
817,0.308,1.755994989,18.8976378,0,0
818,0.276,2.706692913,28.34645669,0,0
819,0.325,2.617215462,25.19685039,0,1
820,0.32,2.594846099,28.74015748,0,0
821,0.273,3.06460272,29.13385827,0,0
822,0.281,2.214566929,22.44094488,0,0
823,0.279,2.863278454,32.28346457,0,0
824,0.293,2.438260558,23.62204724,0,0
825,0.305,2.572476736,25.19685039,0,0
826,0.256,2.594846099,23.62204724,0,0
827,0.281,2.482999284,30.31496063,0,0
828,0.304,3.422512527,32.67716535,0,0
829,0.31,2.863278454,25.98425197,0,0
830,0.272,2.102720115,24.01574803,0,0
831,0.294,1.811918397,20.07874016,1,0
832,0.256,1.230314961,18.50393701,0,0
833,0.331,1.923765211,21.25984252,0,0
834,0.301,1.230314961,18.50393701,0,0
835,0.295,3.892269148,35.03937008,0,0
836,0.212,2.751431639,25.19685039,0,0
837,0.273,2.348783107,24.80314961,0,0
838,0.27,3.400143164,33.07086614,0,0
839,0.269,2.930386543,34.2519685,0,0
840,0.286,2.326413744,24.80314961,0,0
841,0.29,1.834287759,20.47244094,0,0
842,0.277,3.511989979,32.67716535,0,0
843,0.288,2.460629921,23.62204724,0,0
844,0.272,3.534359341,33.07086614,0,0
845,0.296,3.646206156,27.16535433,0,0
846,0.278,2.281675018,21.65354331,0,0
847,0.229,1.386900501,19.68503937,0,0
848,0.297,2.952755906,28.34645669,0,0
849,0.273,3.221188261,31.1023622,0,0
850,0.296,3.400143164,33.46456693,0,0
851,0.312,2.594846099,26.37795276,0,0
852,0.326,1.9908733,20.86614173,0,0
853,0.305,2.617215462,31.1023622,0,0
854,0.289,2.997494631,27.16535433,0,0
855,0.267,2.52773801,25.19685039,0,0
856,0.296,3.042233357,30.31496063,0,0
857,0.332,3.511989979,33.07086614,0,0
858,0.282,2.997494631,30.70866142,0,0
859,0.2913333333,2.818539728,29.92125984,0,0
860,0.263,3.60146743,31.49606299,0,0
861,0.275,2.975125268,29.52755906,0,0
862,0.247,2.952755906,29.92125984,0,0
863,0.275,3.400143164,31.49606299,0,0
864,0.271,2.818539728,27.16535433,0,0
865,0.265,3.713314245,33.07086614,0,0
866,0.276,3.355404438,23.22834646,0,0
867,0.287,3.019863994,29.52755906,0,0
868,0.292,1.767179671,18.8976378,1,0
869,0.291,3.310665712,29.92125984,0,0
870,0.263,2.169828203,23.62204724,0,0
871,0.247,2.102720115,21.65354331,0,0
872,0.248,2.952755906,24.01574803,0,0
873,0.328,1.968503937,22.83464567,0,0
874,0.286,2.460629921,24.40944882,0,0
875,0.273,2.796170365,32.67716535,0,0
876,0.278,2.52773801,26.37795276,0,0
877,0.295,2.661954188,35.43307087,0,0
878,0.3,2.661954188,24.80314961,0,0
879,0.256,2.281675018,23.62204724,0,0
880,0.28,2.415891195,24.80314961,0,0
881,0.289,2.617215462,25.98425197,0,0
882,0.314,3.9817466,33.46456693,0,0
883,0.26,3.288296349,30.31496063,0,0
884,0.237,2.840909091,28.74015748,0,0
885,0.277,3.333035075,32.28346457,0,0
886,0.303,3.042233357,27.55905512,0,0
887,0.272,3.467251253,25.59055118,0,0
888,0.264,3.511989979,36.61417323,0,0
889,0.292,2.706692913,24.01574803,0,0
890,0.2883333333,3.118289191,29.68503937,0,0
891,0.31,2.236936292,24.01574803,0,0
892,0.289,3.646206156,31.1023622,0,0
893,0.294,3.06460272,30.70866142,0,0
894,0.324,1.879026485,30.70866142,0,0
895,0.273,3.489620616,33.07086614,0,0
896,0.312,1.722440945,19.68503937,0,0
897,0.28,3.288296349,32.67716535,0,0
898,0.327,1.431639227,20.07874016,0,0
899,0.309,2.080350752,18.50393701,0,0
900,0.316,2.482999284,24.80314961,1,0
901,0.277,3.06460272,26.37795276,0,0
902,0.251,2.952755906,28.34645669,0,0
903,0.291,3.646206156,33.07086614,0,0
904,0.2745,3.028811739,29.76377953,0,0
905,0.299,2.52773801,26.37795276,0,0
906,0.301,2.975125268,29.52755906,0,0
907,0.262,2.348783107,23.62204724,0,0
908,0.302,2.840909091,28.34645669,0,0
909,0.26,2.661954188,25.19685039,0,0
910,0.279,2.013242663,20.47244094,0,0
911,0.322,2.438260558,28.74015748,0,0
912,0.293,1.655332856,21.65354331,0,0
913,0.241,1.319792412,18.8976378,0,0
914,0.284,1.632963493,22.04724409,0,0
915,0.286,2.975125268,24.01574803,0,0
916,0.267,4.227809592,38.18897638,0,0
917,0.31,2.751431639,29.13385827,0,0
918,0.337,3.355404438,28.74015748,0,0
919,0.261,3.489620616,32.28346457,0,0
920,0.316,2.326413744,24.40944882,0,0
921,0.309,2.214566929,22.04724409,0,0
922,0.241,2.393521832,29.92125984,0,0
923,0.322,1.834287759,20.07874016,0,0
924,0.27,3.579098067,33.07086614,0,0
925,0.293,2.885647817,26.37795276,0,0
926,0.304,2.594846099,23.22834646,0,0
927,0.316,3.109341446,31.49606299,0,0
928,0.312,1.700071582,20.07874016,1,0
929,0.338,1.632963493,22.83464567,0,0
930,0.292,2.348783107,23.22834646,0,0
931,0.311,1.521116679,15.35433071,0,0
932,0.292,3.60146743,31.49606299,0,0
933,0.264,2.885647817,29.52755906,0,0
934,0.306,1.476377953,20.86614173,0,0
935,0.284,3.914638511,33.46456693,0,0
936,0.244,2.438260558,23.62204724,0,0
937,0.313,2.378608924,27.69028871,0,0
938,0.29,2.773801002,32.28346457,0,0
939,0.313,2.90801718,29.13385827,0,0
940,0.311,3.131710809,27.55905512,0,0
941,0.264,3.646206156,32.28346457,0,0
942,0.263,3.422512527,32.28346457,0,0
943,0.298,2.52773801,25.59055118,0,0
944,0.284,3.019863994,32.28346457,0,0
945,0.273,2.661954188,26.77165354,0,0
946,0.277,2.952755906,29.13385827,0,0
947,0.237,4.026485326,36.22047244,0,0
948,0.2745,3.028811739,29.76377953,0,0
949,0.241,1.901395848,20.47244094,0,0
950,0.248,4.026485326,37.4015748,0,0
951,0.2778333333,3.139167263,31.1023622,0,0
952,0.242,2.035612026,20.86614173,0,0
953,0.327,2.68432355,25.98425197,0,1
954,0.254,3.176449535,28.74015748,0,0
955,0.2975,2.505368647,26.64041995,0,0
956,0.3,3.221188261,28.34645669,0,0
957,0.29,3.198818898,27.55905512,0,0
958,0.27,3.333035075,29.52755906,0,0
959,0.301,2.587389644,26.90288714,0,0
960,0.314,3.422512527,31.49606299,0,0
961,0.284,2.415891195,25.59055118,0,0
962,0.274,2.773801002,24.01574803,0,0
963,0.254,2.572476736,24.80314961,0,0
964,0.249,2.393521832,27.16535433,0,0
965,0.288,3.109341446,21.25984252,0,0
966,0.302,3.556728704,32.28346457,0,0
967,0.285,2.125089477,23.22834646,0,0
968,0.284,3.042233357,31.88976378,0,0
969,0.283,3.086972083,28.34645669,0,0
970,0.331,1.744810308,18.11023622,0,0
971,0.315,2.415891195,24.80314961,0,0
972,0.248,3.646206156,30.31496063,0,0
973,0.279,2.661954188,28.34645669,0,0
974,0.268,3.60146743,32.28346457,0,0
975,0.234,2.37115247,22.04724409,0,0
976,0.271,3.758052971,33.85826772,0,0
977,0.2593636364,3.294397085,32.24767359,0,0
978,0.289,3.019863994,29.92125984,0,0
979,0.267,2.975125268,32.28346457,0,0
980,0.291,2.393521832,25.59055118,0,0
981,0.252,2.125089477,30.70866142,0,0
982,0.295,2.975125268,29.92125984,0,0
983,0.318,3.198818898,26.77165354,0,0
984,0.219,4.854151754,46.45669291,0,0
985,0.307,3.422512527,34.2519685,0,0
986,0.285,3.288296349,30.70866142,0,0
987,0.3106666667,2.140002386,26.64041995,0,0
988,0.288,2.773801002,25.59055118,0,0
989,0.254,3.333035075,31.1023622,0,0
990,0.255,3.467251253,31.88976378,0,0
991,0.264,2.236936292,31.88976378,0,0
992,0.257,2.796170365,26.37795276,0,0
993,0.262,1.789549034,20.47244094,0,0
994,0.286,2.37115247,25.19685039,0,0
995,0.268,1.901395848,18.8976378,0,0
996,0.259,3.60146743,34.64566929,0,0
997,0.248,3.109341446,33.85826772,0,0
998,0.267,3.355404438,33.85826772,0,0
999,0.251,1.700071582,19.68503937,0,0
1000,0.31,3.131710809,29.92125984,0,0
1001,0.266,2.840909091,24.80314961,0,0
1002,0.259,3.042233357,33.07086614,0,0
1003,0.27,2.460629921,25.98425197,0,0
1004,0.282,3.265926986,30.70866142,0,0
1005,0.307,3.288296349,28.74015748,0,0
1006,0.264,2.975125268,29.13385827,0,0
1007,0.316,1.655332856,18.8976378,0,0
1008,0.326,2.52773801,23.22834646,0,0
1009,0.27,1.45400859,16.53543307,0,0
1010,0.275,3.44488189,31.88976378,0,0
1011,0.259,2.236936292,22.83464567,0,0
1012,0.315,3.333035075,28.74015748,0,0
1013,0.284,2.68432355,24.40944882,0,0
1014,0.265,3.623836793,31.88976378,0,0
1015,0.232,2.259305655,22.04724409,0,0
1016,0.3,2.751431639,26.77165354,0,0
1017,0.306,3.131710809,28.74015748,0,0
1018,0.294,2.572476736,25.19685039,0,0
1019,0.341,2.505368647,24.01574803,1,0
1020,0.272,3.377773801,32.28346457,0,0
1021,0.271,3.623836793,33.46456693,0,0
1022,0.282,3.176449535,29.52755906,0,0
1023,0.301,3.579098067,32.28346457,0,0
1024,0.257,2.214566929,20.47244094,0,0
1025,0.33,2.225751611,26.37795276,0,0
1026,0.331,1.856657122,18.11023622,0,0
1027,0.27,3.176449535,30.70866142,0,0
1028,0.289,3.019863994,25.59055118,0,0
1029,0.276,3.131710809,31.1023622,0,0
1030,0.253,1.901395848,20.07874016,0,0
1031,0.297,2.796170365,26.37795276,0,0
1032,0.259,3.467251253,31.1023622,0,0
1033,0.276,2.415891195,27.55905512,0,0
1034,0.298,3.556728704,33.07086614,0,0
1035,0.292,3.221188261,31.1023622,0,0
1036,0.285,3.198818898,29.92125984,0,0
1037,0.282,3.422512527,26.77165354,0,0
1038,0.292,3.713314245,31.88976378,0,0
1039,0.28,3.198818898,31.1023622,0,0
1040,0.24,2.460629921,21.25984252,0,0
1041,0.31,3.265926986,32.67716535,0,0
1042,0.316,2.840909091,28.74015748,0,0
1043,0.331,2.304044381,24.80314961,0,0
1044,0.28575,3.019863994,29.44006999,0,0
1045,0.292,1.856657122,20.47244094,0,0
1046,0.269,3.400143164,31.49606299,0,0
1047,0.284,3.511989979,33.07086614,0,0
1048,0.288,2.863278454,27.16535433,0,0
1049,0.272,3.131710809,25.98425197,0,0
1050,0.339,1.834287759,18.50393701,0,0
1051,0.256,1.588224767,27.95275591,0,0
1052,0.28,3.042233357,29.13385827,0,0
1053,0.264,3.333035075,29.52755906,0,0
1054,0.274,3.534359341,28.34645669,0,0
1055,0.276,1.856657122,19.68503937,0,0
1056,0.295,3.780422334,31.88976378,0,0
1057,0.294,2.550107373,31.1023622,0,0
1058,0.291,2.930386543,27.95275591,0,0
1059,0.297,3.176449535,31.88976378,0,0
1060,0.281,3.44488189,31.1023622,0,0
1061,0.305,2.52773801,25.19685039,0,0
1062,0.289,1.968503937,19.29133858,1,0
1063,0.234,3.60146743,30.31496063,0,0
1064,0.288,2.169828203,32.28346457,0,0
1065,0.263,2.952755906,26.37795276,0,0
1066,0.301,2.840909091,26.77165354,0,0
1067,0.264,2.550107373,22.44094488,0,0
1068,0.294,3.333035075,29.52755906,0,0
1069,0.267,3.60146743,33.07086614,0,0
1070,0.296,2.90801718,25.98425197,0,0
1071,0.302,3.221188261,28.74015748,0,0
1072,0.262,3.131710809,25.19685039,0,0
1073,0.286,2.773801002,25.59055118,0,0
1074,0.313,1.655332856,18.50393701,0,0
1075,0.249,2.304044381,24.01574803,0,0
1076,0.286,3.579098067,31.88976378,0,0
1077,0.276,2.975125268,29.13385827,0,0
1078,0.266,3.914638511,33.85826772,0,0
1079,0.26,2.796170365,26.77165354,0,0
1080,0.326,1.968503937,19.68503937,1,0
1081,0.307,1.565855404,15.35433071,0,0
1082,0.251,2.102720115,20.47244094,0,0
1083,0.238,3.802791696,25.59055118,0,0
1084,0.27,2.482999284,22.04724409,0,0
1085,0.291,2.818539728,27.55905512,0,0
1086,0.244,2.729062276,27.16535433,0,0
1087,0.277,1.946134574,26.37795276,0,0
1088,0.262,3.623836793,33.46456693,0,0
1089,0.305,3.131710809,29.52755906,0,0
1090,0.295,2.594846099,26.37795276,0,0
1091,0.297,2.102720115,24.40944882,1,0
1092,0.323,2.90801718,26.77165354,0,0
1093,0.286,1.051360057,15.35433071,0,0
1094,0.261,1.319792412,18.50393701,0,0
1095,0.268,2.281675018,21.65354331,0,0
1096,0.298,2.192197566,21.65354331,0,0
1097,0.263,3.131710809,21.65354331,0,0
1098,0.275,2.90801718,29.13385827,0,0
1099,0.304,3.668575519,35.03937008,0,0
1100,0.299,3.154080172,27.95275591,0,0
1101,0.312,2.438260558,22.44094488,0,0
1102,0.288,2.550107373,25.0,0,0
1103,0.204,2.013242663,18.50393701,0,0
1104,0.243,2.080350752,20.47244094,0,0
1105,0.304,2.639584825,24.40944882,0,0
1106,0.312,2.035612026,23.22834646,0,0
1107,0.284,2.035612026,21.65354331,0,0
1108,0.261,3.646206156,31.1023622,0,0
1109,0.302,3.131710809,28.74015748,1,0
1110,0.266,3.176449535,28.74015748,0,0
1111,0.281,2.90801718,27.75590551,0,0
1112,0.311,2.617215462,25.59055118,1,0
1113,0.278,2.013242663,19.68503937,1,0
1114,0.277,3.06460272,27.95275591,0,0
1115,0.303,3.400143164,33.07086614,0,0
1116,0.264,2.572476736,24.80314961,0,0
1117,0.24,2.125089477,21.65354331,0,0
1118,0.294,2.706692913,24.80314961,0,0
1119,0.295,2.505368647,22.83464567,0,0
1120,0.298,2.661954188,26.37795276,0,0
1121,0.265,3.780422334,35.03937008,0,0
1122,0.262,2.080350752,31.1023622,0,0
1123,0.278,2.885647817,28.74015748,0,0
1124,0.293,1.230314961,14.96062992,0,0
1125,0.248,3.9817466,37.4015748,0,0
1126,0.239,3.265926986,31.49606299,0,0
1127,0.224,3.086972083,30.31496063,0,0
1128,0.25,2.415891195,23.22834646,0,0
1129,0.279,2.930386543,22.04724409,0,0
1130,0.274,1.543486042,16.92913386,0,0
1131,0.285,3.556728704,31.88976378,0,0
1132,0.285,3.758052971,34.64566929,0,0
1133,0.33,1.521116679,17.71653543,0,0
1134,0.244,2.773801002,24.80314961,0,0
1135,0.276,1.677702219,18.50393701,0,0
1136,0.311,2.729062276,27.95275591,0,0
1137,0.276,2.438260558,22.83464567,0,0
1138,0.298,3.690944882,31.49606299,0,0
1139,0.291,3.668575519,24.40944882,0,0
1140,0.296,2.594846099,29.13385827,0,0
1141,0.317,1.811918397,21.65354331,0,0
1142,0.312,3.780422334,32.28346457,0,0
1143,0.266,2.393521832,29.92125984,0,0
1144,0.278,4.115962777,31.88976378,0,0
1145,0.249,2.102720115,27.95275591,0,0
1146,0.269,2.68432355,24.01574803,0,0
1147,0.256,3.534359341,30.31496063,0,0
1148,0.319,2.393521832,22.44094488,0,0
1149,0.282,2.639584825,25.19685039,0,0
1150,0.276,1.9908733,20.07874016,1,0
1151,0.289,2.438260558,28.74015748,0,0
1152,0.275,3.221188261,28.34645669,0,0
1153,0.299,2.550107373,29.92125984,0,0
1154,0.307,3.377773801,31.49606299,0,0
1155,0.28,3.198818898,28.74015748,0,0
1156,0.246,4.160701503,37.00787402,0,0
1157,0.283,2.68432355,24.80314961,0,0
1158,0.325,1.342161775,18.50393701,0,0
1159,0.342,1.677702219,18.50393701,0,0
1160,0.293,2.90801718,31.49606299,0,0
1161,0.264,4.004115963,35.03937008,0,0
1162,0.33,2.415891195,24.01574803,0,0
1163,0.285,3.265926986,32.67716535,0,0
1164,0.277,3.355404438,29.92125984,0,0
1165,0.33,1.521116679,17.71653543,0,0
1166,0.28,2.550107373,22.04724409,0,0
1167,0.302,3.243557623,29.92125984,0,0
1168,0.249,3.310665712,31.88976378,0,0
1169,0.275,2.348783107,27.16535433,0,0
1170,0.217,2.773801002,20.07874016,0,0
1171,0.303,2.572476736,28.34645669,0,0
1172,0.272,3.422512527,30.31496063,0,0
1173,0.296,2.68432355,31.49606299,0,0
1174,0.269,3.310665712,29.13385827,0,0
1175,0.303,1.498747316,16.53543307,0,0
1176,0.309,2.975125268,27.55905512,0,0
1177,0.298,2.952755906,28.74015748,0,0
1178,0.295,3.109341446,29.13385827,0,0
1179,0.298,2.550107373,25.19685039,0,0
1180,0.271,3.019863994,27.16535433,0,0
1181,0.195,3.668575519,32.67716535,0,0
1182,0.326,3.042233357,28.74015748,0,0
1183,0.335,3.086972083,29.13385827,0,0
1184,0.317,2.840909091,25.19685039,0,0
1185,0.304,1.677702219,19.68503937,0,0
1186,0.268,3.333035075,29.92125984,0,0
1187,0.309,2.729062276,24.40944882,0,0
1188,0.295,1.476377953,20.86614173,0,0
1189,0.295,2.281675018,23.62204724,0,0
1190,0.307,2.863278454,26.77165354,0,0
1191,0.304,2.460629921,23.62204724,0,0
1192,0.284,3.377773801,33.07086614,0,0
1193,0.286,2.863278454,28.74015748,0,0
1194,0.268,3.400143164,30.31496063,0,0
1195,0.26,2.572476736,22.04724409,0,0
1196,0.279,1.543486042,20.47244094,0,0
1197,0.294,3.019863994,29.52755906,0,0
1198,0.298,2.773801002,27.16535433,0,0
1199,0.246,3.690944882,19.68503937,0,0
1200,0.276,3.131710809,27.55905512,0,0
1201,0.295,3.355404438,21.65354331,0,0
1202,0.225,2.281675018,17.32283465,0,0
1203,0.339,1.386900501,20.07874016,1,0
1204,0.326,1.789549034,22.83464567,1,0
1205,0.303,3.243557623,32.28346457,0,0
1206,0.287,2.348783107,24.80314961,0,0
1207,0.257,2.997494631,26.37795276,0,0
1208,0.267,2.505368647,25.98425197,0,0
1209,0.244,3.198818898,33.46456693,0,0
1210,0.301,2.415891195,23.62204724,0,0
1211,0.301,2.773801002,24.80314961,0,0
1212,0.299,1.588224767,20.47244094,0,0
1213,0.299,3.60146743,34.64566929,0,0
1214,0.277,3.06460272,29.52755906,0,0
1215,0.29,3.176449535,29.13385827,0,0
1216,0.254,2.639584825,32.28346457,0,0
1217,0.279,2.963940587,29.33070866,0,0
1218,0.27,2.997494631,31.88976378,0,0
1219,0.322,2.259305655,25.98425197,0,0
1220,0.243,2.460629921,22.44094488,0,0
1221,0.276,3.758052971,35.43307087,0,0
1222,0.282,2.661954188,20.07874016,0,0
1223,0.251,3.243557623,31.1023622,0,0
1224,0.274,2.52773801,24.01574803,0,0
1225,0.249,3.556728704,33.07086614,0,0
1226,0.313,2.52773801,27.55905512,0,0
1227,0.307,2.326413744,32.28346457,0,0
1228,0.273,3.400143164,31.49606299,0,0
1229,0.2438,3.333035075,31.75853018,0,0
1230,0.31,3.892269148,32.28346457,0,0
1231,0.311,2.840909091,26.77165354,1,0
1232,0.32,2.304044381,25.98425197,0,0
1233,0.293,2.572476736,25.59055118,0,0
1234,0.274,3.44488189,32.28346457,0,0
1235,0.265,3.019863994,33.07086614,0,0
1236,0.28,4.004115963,33.85826772,0,0
1237,0.287,2.281675018,22.04724409,0,0
1238,0.289,3.042233357,29.13385827,0,0
1239,0.287,2.930386543,27.16535433,0,0
1240,0.315,2.975125268,28.74015748,0,0
1241,0.31,2.438260558,22.83464567,0,0
1242,0.258,3.265926986,29.13385827,0,0
1243,0.283,3.06460272,33.85826772,0,0
1244,0.311,4.026485326,26.37795276,0,0
1245,0.246,2.37115247,28.34645669,0,0
1246,0.293,3.176449535,27.55905512,0,0
1247,0.278,2.594846099,24.01574803,0,0
1248,0.248,1.45400859,20.47244094,0,0
1249,0.305,2.214566929,24.01574803,0,0
1250,0.324,3.019863994,27.16535433,0,0
1251,0.293,3.511989979,31.1023622,0,0
1252,0.29,2.415891195,23.22834646,0,0
1253,0.315,2.68432355,29.13385827,0,0
1254,0.277,3.265926986,34.64566929,0,0
1255,0.295,2.818539728,26.77165354,0,0
1256,0.324,2.236936292,22.04724409,1,1
1257,0.329,3.042233357,27.55905512,0,0
1258,0.282,2.863278454,25.98425197,0,0
1259,0.267,3.579098067,33.85826772,0,0
1260,0.306,2.952755906,26.37795276,0,0
1261,0.27,2.505368647,23.22834646,0,0
1262,0.239,2.952755906,34.64566929,0,0
1263,0.271,3.019863994,32.28346457,0,0
1264,0.256,2.773801002,27.16535433,0,0
1265,0.271,2.482999284,24.40944882,0,0
1266,0.321,3.333035075,33.85826772,0,0
1267,0.267,2.639584825,28.34645669,0,0
1268,0.297,4.093593414,33.46456693,0,0
1269,0.272,3.400143164,28.74015748,0,0
1270,0.312,2.52773801,24.80314961,1,0
1271,0.29,1.879026485,22.04724409,0,0
1272,0.278,3.265926986,30.70866142,0,0
1273,0.278,2.52773801,37.00787402,0,0
1274,0.295,3.221188261,27.95275591,0,0
1275,0.317,2.326413744,25.59055118,0,0
1276,0.269,3.131710809,29.52755906,0,0
1277,0.251,3.086972083,28.34645669,0,0
1278,0.272,2.169828203,22.04724409,0,0
1279,0.307,2.013242663,22.44094488,1,0
1280,0.307,1.856657122,18.11023622,0,0
1281,0.317,2.013242663,25.59055118,0,0
1282,0.283,3.60146743,33.07086614,0,0
1283,0.248,1.61059413,21.65354331,0,0
1284,0.298,1.9908733,19.29133858,0,0
1285,0.256,3.511989979,34.2519685,0,0
1286,0.264,1.252684324,18.8976378,0,0
1287,0.284,3.802791696,33.85826772,0,0
1288,0.23,3.400143164,30.70866142,0,0
1289,0.294,1.923765211,23.62204724,0,0
1290,0.282,3.690944882,37.00787402,0,0
1291,0.267,3.758052971,36.61417323,0,0
1292,0.244,1.789549034,27.16535433,0,0
1293,0.313,2.415891195,24.80314961,1,0
1294,0.309,3.086972083,32.28346457,0,0
1295,0.315,3.333035075,31.1023622,0,0
1296,0.225,2.617215462,28.74015748,0,0
1297,0.293,1.968503937,21.65354331,0,0
1298,0.32,3.400143164,31.1023622,0,0
1299,0.304,3.467251253,31.49606299,0,0
1300,0.279,2.550107373,24.01574803,0,0
1301,0.312,2.125089477,25.59055118,1,0
1302,0.301,2.818539728,26.37795276,0,0
1303,0.272,2.617215462,24.01574803,0,0
1304,0.258,3.802791696,31.88976378,0,0
1305,0.283,2.639584825,22.44094488,0,0
1306,0.265,2.818539728,29.52755906,0,0
1307,0.27,2.930386543,28.74015748,0,0
1308,0.271,2.90801718,26.77165354,0,0
1309,0.33,2.773801002,27.55905512,0,0
1310,0.298,2.863278454,26.77165354,0,0
1311,0.294,3.668575519,35.43307087,0,0
1312,0.284,2.080350752,23.62204724,0,0
1313,0.286,3.265926986,30.70866142,0,0
1314,0.294,3.511989979,25.59055118,0,0
1315,0.282,2.952755906,26.77165354,0,0
1316,0.294,2.438260558,26.37795276,0,0
1317,0.313,1.744810308,21.65354331,0,0
1318,0.313,2.52773801,26.37795276,0,0
1319,0.287,2.90801718,27.95275591,0,0
1320,0.323,3.310665712,29.92125984,0,0
1321,0.315,1.879026485,22.83464567,0,0
1322,0.286,3.198818898,30.70866142,0,0
1323,0.297,2.214566929,21.25984252,0,0
1324,0.265,2.751431639,29.13385827,0,0
1325,0.254,2.393521832,30.70866142,0,0
1326,0.301,3.109341446,29.52755906,0,0
1327,0.256,3.758052971,34.64566929,0,0
1328,0.29,1.655332856,31.49606299,0,0
1329,0.306,2.214566929,23.22834646,0,0
1330,0.301,3.109341446,29.52755906,0,0
1331,0.271,3.198818898,26.37795276,0,0
1332,0.308,1.946134574,21.06299213,0,0
1333,0.261,1.946134574,25.19685039,0,0
1334,0.289,3.176449535,30.70866142,0,0
1335,0.317,2.729062276,26.77165354,1,0
1336,0.299,2.125089477,19.29133858,0,0
1337,0.311,2.057981389,19.68503937,1,0
1338,0.305,1.879026485,26.37795276,0,0
1339,0.319,2.997494631,29.13385827,1,0
1340,0.249,3.623836793,32.28346457,0,0
1341,0.283,2.975125268,27.16535433,0,0
1342,0.298,2.52773801,26.37795276,0,0
1343,0.258,2.259305655,27.55905512,0,0
1344,0.265,3.467251253,30.31496063,0,0
1345,0.286,3.176449535,32.28346457,0,0
1346,0.329,3.06460272,28.74015748,0,0
1347,0.314,1.118468146,13.77952756,0,0
1348,0.303,2.952755906,27.95275591,0,0
1349,0.26,2.460629921,22.04724409,0,0
1350,0.306,1.275053686,19.29133858,0,0
1351,0.309,3.310665712,31.49606299,0,0
1352,0.313,1.946134574,20.47244094,0,0
1353,0.259,2.885647817,31.88976378,0,0
1354,0.297,3.176449535,30.31496063,0,0
1355,0.32,2.997494631,29.92125984,0,0
1356,0.2785,3.14289549,28.54330709,0,0
1357,0.288,3.511989979,31.88976378,0,0
1358,0.277,2.952755906,27.55905512,0,0
1359,0.241,3.847530422,34.64566929,0,0
1360,0.246,2.930386543,35.82677165,0,0
1361,0.297,3.176449535,29.13385827,0,0
1362,0.309,2.68432355,31.49606299,0,0
1363,0.309,3.758052971,35.43307087,0,0
1364,0.321,1.968503937,20.86614173,0,0
1365,0.298,3.243557623,27.95275591,0,0
1366,0.29,3.265926986,27.16535433,0,0
1367,0.235,3.489620616,30.70866142,0,0
1368,0.305,1.789549034,22.04724409,0,0
1369,0.291,3.802791696,27.55905512,0,0
1370,0.257,1.923765211,18.8976378,0,0
1371,0.311,3.288296349,28.34645669,0,0
1372,0.274,2.505368647,22.83464567,0,0
1373,0.273,3.646206156,35.82677165,0,0
1374,0.325,3.310665712,31.1023622,0,0
1375,0.279,3.780422334,31.88976378,0,0
1376,0.3,3.511989979,31.1023622,0,0
1377,0.303,3.176449535,30.31496063,0,0
1378,0.267,3.355404438,32.67716535,0,0
1379,0.316,3.221188261,29.52755906,0,0
1380,0.305,3.534359341,30.70866142,1,0
1381,0.309,2.639584825,24.01574803,0,0
1382,0.268,3.176449535,24.80314961,0,0
1383,0.283,2.594846099,25.59055118,0,0
1384,0.296,2.348783107,25.98425197,0,0
1385,0.267,2.729062276,27.55905512,0,0
1386,0.283,3.556728704,31.49606299,0,0
1387,0.286,2.751431639,27.16535433,0,0
1388,0.339,1.722440945,22.83464567,0,0
1389,0.306,2.326413744,22.83464567,1,0
1390,0.266,2.885647817,23.22834646,0,0
1391,0.297,2.773801002,25.59055118,0,0
1392,0.252,3.422512527,32.67716535,0,0
1393,0.315,3.579098067,32.67716535,0,0
1394,0.293,3.825161059,31.49606299,0,0
1395,0.259,2.572476736,21.65354331,0,0
1396,0.304,3.265926986,29.52755906,0,0
1397,0.286,2.169828203,20.86614173,0,0
1398,0.263,2.102720115,23.22834646,0,0
1399,0.277,2.773801002,27.95275591,0,0
1400,0.244,2.930386543,28.34645669,0,0
1401,0.278,1.230314961,15.7480315,0,0
1402,0.276,1.431639227,17.71653543,0,0
1403,0.289,3.042233357,29.13385827,0,0
1404,0.272,3.086972083,27.55905512,0,0
1405,0.302125,2.488591625,26.42716535,0,0
1406,0.294,3.06460272,27.55905512,0,0
1407,0.328,3.086972083,29.13385827,0,0
1408,0.255,2.997494631,25.19685039,0,0
1409,0.281,3.176449535,29.52755906,0,0
1410,0.316,3.847530422,36.61417323,0,0
1411,0.3,3.019863994,28.74015748,0,0
1412,0.309,2.818539728,26.37795276,1,0
1413,0.252,2.348783107,23.22834646,0,0
1414,0.3063333333,2.512825101,25.80927384,0,0
1415,0.274,1.923765211,23.62204724,0,0
1416,0.294,3.243557623,28.74015748,0,0
1417,0.243,2.460629921,25.19685039,0,0
1418,0.281,2.885647817,28.34645669,0,0
1419,0.26,2.997494631,32.28346457,0,0
1420,0.332,2.281675018,29.92125984,0,0
1421,0.278,3.243557623,30.70866142,0,0
1422,0.31,2.572476736,26.37795276,0,1
1423,0.33,3.109341446,32.67716535,0,0
1424,0.247,2.818539728,23.62204724,0,0
1425,0.295,1.879026485,22.04724409,0,0
1426,0.301,2.90801718,25.59055118,0,0
1427,0.284,2.952755906,27.16535433,0,0
1428,0.268,2.796170365,29.92125984,0,0
1429,0.294,3.400143164,29.92125984,0,0
1430,0.343,3.131710809,27.16535433,0,0
1431,0.291,2.796170365,29.13385827,0,0
1432,0.285,2.863278454,26.37795276,0,0
1433,0.22,2.550107373,23.22834646,0,0
1434,0.286,3.690944882,32.28346457,0,0
1435,0.296,3.06460272,28.34645669,0,0
1436,0.293,2.840909091,26.77165354,0,0
1437,0.338,2.281675018,29.52755906,0,0
1438,0.309,2.37115247,21.25984252,0,0
1439,0.269,3.735683608,32.28346457,0,0
1440,0.269,3.511989979,31.49606299,0,0
1441,0.266,3.489620616,31.1023622,0,0
1442,0.263,3.243557623,33.07086614,0,0
1443,0.291,3.221188261,28.74015748,0,0
1444,0.289,3.914638511,32.28346457,0,0
1445,0.294,1.588224767,22.04724409,0,0
1446,0.294,3.355404438,29.92125984,0,0
1447,0.267,3.06460272,31.88976378,0,0
1448,0.314,1.61059413,21.25984252,0,0
1449,0.323,2.438260558,23.62204724,1,0
1450,0.258,3.869899785,34.64566929,0,0
1451,0.323,1.632963493,19.29133858,0,0
1452,0.253,3.713314245,32.28346457,0,0
1453,0.295,3.310665712,30.70866142,0,0
1454,0.31,2.885647817,28.74015748,0,0
1455,0.305,2.326413744,24.80314961,0,0
1456,0.325,1.946134574,22.44094488,0,0
1457,0.223,2.997494631,26.77165354,0,0
1458,0.239,3.377773801,33.07086614,0,0
1459,0.278,2.639584825,23.22834646,0,0
1460,0.276,2.930386543,28.74015748,0,0
1461,0.329,3.44488189,36.61417323,0,0
1462,0.292,2.863278454,29.52755906,0,0
1463,0.319,3.579098067,30.31496063,0,0
1464,0.239,2.14745884,20.86614173,0,0
1465,0.28075,2.717877595,27.95275591,0,0
1466,0.294,3.221188261,31.1023622,1,0
1467,0.25,2.14745884,22.04724409,0,0
1468,0.302,3.06460272,27.95275591,0,0
1469,0.262,2.192197566,24.40944882,0,0
1470,0.306,2.661954188,24.40944882,0,0
1471,0.323,1.834287759,18.50393701,0,1
1472,0.295,2.259305655,27.16535433,0,0
1473,0.27,3.511989979,33.85826772,0,0
1474,0.27,3.198818898,28.74015748,0,0
1475,0.291,2.930386543,26.77165354,0,0
1476,0.328,2.107193987,24.80314961,0,0
1477,0.2855,2.771004832,29.37992126,0,0
1478,0.261,2.729062276,27.95275591,0,0
1479,0.319,2.572476736,24.40944882,1,0
1480,0.314,3.467251253,30.70866142,0,0
1481,0.247,2.90801718,31.88976378,0,0
1482,0.304,2.057981389,22.83464567,0,0
1483,0.311,2.304044381,23.62204724,0,0
1484,0.26,3.243557623,32.28346457,0,0
1485,0.288,1.722440945,18.8976378,0,0
1486,0.337,2.885647817,29.13385827,0,0
1487,0.271,3.154080172,28.34645669,0,0
1488,0.275,3.400143164,29.52755906,0,0
1489,0.286,3.019863994,28.74015748,0,0
1490,0.296,2.438260558,22.44094488,0,0
1491,0.316,3.422512527,30.70866142,0,0
1492,0.318,2.14745884,25.98425197,0,0
1493,0.231,3.825161059,31.88976378,0,0
1494,0.255,2.550107373,26.77165354,0,0
1495,0.333,2.68432355,28.74015748,1,0
1496,0.286,1.588224767,31.49606299,0,0
1497,0.327,3.243557623,16.92913386,0,0
1498,0.355,2.550107373,22.44094488,0,0
1499,0.306,3.534359341,29.92125984,0,0
1500,0.33,2.192197566,23.62204724,0,0
1501,0.292,3.109341446,27.95275591,0,0
1502,0.282,3.131710809,30.70866142,0,0
1503,0.235,3.131710809,29.52755906,0,0
1504,0.279,2.68432355,27.95275591,0,0
1505,0.313,3.288296349,31.1023622,0,0
1506,0.267,3.131710809,30.70866142,0,0
1507,0.303,2.550107373,25.19685039,0,0
1508,0.25,3.086972083,29.13385827,0,0
1509,0.312,2.818539728,27.55905512,1,1
1510,0.269,3.288296349,31.1023622,0,0
1511,0.292,2.639584825,24.80314961,0,0
1512,0.268,2.818539728,26.37795276,0,0
1513,0.303,2.594846099,28.74015748,0,0
1514,0.29,2.818539728,26.77165354,0,0
1515,0.285,2.997494631,27.95275591,0,0
1516,0.291,3.243557623,31.88976378,0,0
1517,0.243,3.06460272,26.37795276,0,0
1518,0.266,2.68432355,30.31496063,0,0
1519,0.29,3.019863994,28.74015748,0,0
1520,0.293,2.952755906,28.34645669,0,0
1521,0.318,3.467251253,32.28346457,0,0
1522,0.292,3.400143164,29.92125984,0,0
1523,0.284,3.44488189,31.49606299,0,0
1524,0.278,2.572476736,24.40944882,0,0
1525,0.245,2.505368647,24.01574803,0,0
1526,0.29,3.042233357,29.13385827,0,0
1527,0.238,3.221188261,27.16535433,0,0
1528,0.315,3.668575519,28.74015748,0,0
1529,0.2865,2.874463135,29.98687664,0,0
1530,0.265,2.952755906,26.37795276,0,0
1531,0.303,2.885647817,27.55905512,0,0
1532,0.294,2.415891195,22.83464567,0,0
1533,0.267,3.60146743,32.28346457,0,0
1534,0.287,2.482999284,25.98425197,0,0
1535,0.305,3.042233357,27.95275591,0,0
1536,0.298,3.265926986,29.92125984,0,0
1537,0.278,3.288296349,37.00787402,0,0
1538,0.269,3.556728704,32.67716535,0,0
1539,0.311,3.668575519,28.34645669,0,0
1540,0.251,2.236936292,24.01574803,0,0
1541,0.335,2.505368647,23.22834646,0,0
1542,0.263,2.997494631,29.92125984,0,0
1543,0.267,3.668575519,33.46456693,0,0
1544,0.281,3.60146743,32.28346457,0,0
1545,0.293,2.885647817,26.37795276,0,0
1546,0.281,3.042233357,30.31496063,0,0
1547,0.326,2.661954188,26.77165354,0,0
1548,0.306,2.236936292,24.80314961,0,0
1549,0.303,3.019863994,29.13385827,0,0
1550,0.297,2.997494631,26.37795276,1,0
1551,0.296,1.9908733,21.65354331,0,0
1552,0.249,3.273383441,31.49606299,0,0
1553,0.277,4.160701503,38.18897638,0,0
1554,0.29,2.617215462,25.98425197,0,0
1555,0.285,3.489620616,31.49606299,0,0
1556,0.307,3.713314245,30.70866142,0,0
1557,0.278,1.655332856,24.01574803,0,0
1558,0.239,1.431639227,24.40944882,0,0
1559,0.252,2.14745884,23.22834646,0,0
1560,0.284,2.37115247,31.49606299,0,0
1561,0.296,2.304044381,22.04724409,0,0
1562,0.272,3.44488189,33.07086614,0,0
1563,0.262,2.840909091,27.95275591,1,0
1564,0.322,2.057981389,23.62204724,0,0
1565,0.291,2.818539728,25.98425197,0,0
1566,0.29,2.90801718,27.95275591,0,0
1567,0.312,2.550107373,24.40944882,0,0
1568,0.29,3.422512527,32.28346457,0,0
1569,0.286,3.086972083,27.55905512,0,0
1570,0.273,1.834287759,27.55905512,0,0
1571,0.276,3.131710809,31.88976378,0,0
1572,0.258,2.482999284,32.28346457,0,0
1573,0.275,2.617215462,31.49606299,0,0
1574,0.298,2.080350752,22.04724409,0,0
1575,0.267,3.288296349,34.64566929,0,0
1576,0.2595,3.355404438,31.88976378,0,0
1577,0.325,3.9817466,35.03937008,0,0
1578,0.264,2.214566929,22.04724409,0,0
1579,0.238,2.192197566,22.04724409,0,0
1580,0.298,4.183070866,35.43307087,0,0
1581,0.3,2.751431639,25.59055118,0,0
1582,0.307,2.102720115,18.11023622,1,0
1583,0.331,2.482999284,23.22834646,0,0
1584,0.276,2.192197566,24.80314961,0,0
1585,0.281,2.729062276,33.85826772,0,0
1586,0.296,2.840909091,28.34645669,0,0
1587,0.268,4.071224052,33.85826772,0,0
1588,0.278,2.729062276,29.52755906,0,0
1589,0.273,2.594846099,25.98425197,0,0
1590,0.342,1.834287759,20.47244094,0,0
1591,0.258,2.550107373,28.74015748,0,0
1592,0.289,2.751431639,24.80314961,0,0
1593,0.262,3.06460272,34.64566929,0,0
1594,0.258,3.713314245,33.46456693,0,0
1595,0.281,3.310665712,33.07086614,0,0
1596,0.275,1.789549034,18.11023622,0,0
1597,0.283,2.572476736,26.37795276,0,0
1598,0.255,3.802791696,34.2519685,0,0
1599,0.28,3.265926986,29.52755906,0,0
1600,0.282,3.288296349,31.49606299,0,0
1601,0.266,2.997494631,27.16535433,0,0
1602,0.292,2.818539728,28.74015748,0,0
1603,0.27,2.840909091,27.55905512,0,0
1604,0.293,3.019863994,31.49606299,0,0
1605,0.268,2.639584825,32.28346457,0,0
1606,0.275,3.489620616,31.88976378,0,0
1607,0.3085,2.415891195,26.18110236,0,0
1608,0.292,2.52773801,23.62204724,0,0
1609,0.302,2.818539728,25.19685039,0,0
1610,0.354,1.543486042,17.32283465,0,0
1611,0.283,1.946134574,20.47244094,0,0
1612,0.279,3.60146743,35.03937008,0,0
1613,0.26,2.840909091,27.16535433,0,0
1614,0.282,3.511989979,20.86614173,0,0
1615,0.293,3.243557623,23.62204724,0,0
1616,0.306,2.057981389,21.25984252,1,0
1617,0.271,3.019863994,29.13385827,0,0
1618,0.296,2.326413744,24.80314961,0,0
1619,0.273,2.706692913,23.22834646,0,0
1620,0.276,2.863278454,25.19685039,0,0
1621,0.327,2.706692913,28.34645669,0,0
1622,0.269,4.115962777,37.79527559,0,0
1623,0.264,2.751431639,27.16535433,0,0
1624,0.313,2.997494631,31.1023622,0,0
1625,0.293,1.923765211,17.71653543,0,0
1626,0.312,2.885647817,21.25984252,0,0
1627,0.33,3.377773801,31.88976378,0,0
1628,0.312,2.729062276,28.74015748,0,0
1629,0.257,2.885647817,28.74015748,0,0
1630,0.259,3.847530422,33.85826772,0,0
1631,0.312,2.751431639,27.55905512,0,0
1632,0.285,2.594846099,27.16535433,0,0
1633,0.32,1.163206872,17.71653543,0,0
1634,0.304,2.639584825,26.77165354,0,1
1635,0.29,3.668575519,32.28346457,0,0
1636,0.252,2.326413744,21.25984252,0,0
1637,0.264,3.377773801,28.74015748,0,0
1638,0.294,2.863278454,28.74015748,0,0
1639,0.235,2.997494631,29.52755906,0,0
1640,0.285,3.06460272,30.31496063,0,0
1641,0.296,2.729062276,28.74015748,0,0
1642,0.311,1.856657122,25.98425197,0,0
1643,0.271,2.326413744,21.65354331,0,0
1644,0.283,3.355404438,28.74015748,0,0
1645,0.264,4.317287044,38.97637795,0,0
1646,0.299,3.265926986,29.52755906,0,0
1647,0.318,2.863278454,25.19685039,0,0
1648,0.285,1.476377953,19.29133858,0,0
1649,0.288,1.744810308,20.47244094,0,0
1650,0.272,2.975125268,22.83464567,0,0
1651,0.291,2.415891195,25.19685039,1,0
1652,0.3,1.856657122,20.86614173,0,0
1653,0.257,3.109341446,27.95275591,0,0
1654,0.252,2.773801002,30.70866142,0,0
1655,0.315,2.639584825,23.62204724,0,0
1656,0.232,3.265926986,32.28346457,0,0
1657,0.295,2.68432355,23.62204724,0,0
1658,0.297,3.019863994,29.13385827,0,0
1659,0.248,3.131710809,29.52755906,0,0
1660,0.271,2.863278454,29.13385827,0,0
1661,0.279,2.572476736,25.98425197,0,0
1662,0.31,2.930386543,28.34645669,0,0
1663,0.269,2.729062276,22.44094488,0,0
1664,0.263,2.773801002,26.77165354,0,0
1665,0.281,3.176449535,33.07086614,0,0
1666,0.305,3.243557623,30.31496063,0,0
1667,0.306,2.550107373,28.34645669,0,0
1668,0.279,2.975125268,24.01574803,0,0
1669,0.288,2.572476736,24.40944882,0,0
1670,0.307,2.550107373,24.80314961,0,0
1671,0.262,3.646206156,32.67716535,0,0
1672,0.29,2.863278454,25.59055118,0,0
1673,0.276,3.400143164,31.88976378,0,0
1674,0.266,2.639584825,28.34645669,0,0
1675,0.258,3.802791696,32.67716535,0,0
1676,0.276,2.840909091,28.34645669,0,0
1677,0.302,3.333035075,29.13385827,0,0
1678,0.298,1.879026485,21.25984252,0,0
1679,0.254,4.115962777,28.34645669,0,0
1680,0.333,1.655332856,22.04724409,0,0
1681,0.278,2.863278454,27.55905512,0,0
1682,0.282,3.042233357,30.70866142,0,0
1683,0.269,3.489620616,29.92125984,0,0
1684,0.3023333333,2.404706514,27.16535433,0,0
1685,0.27,2.348783107,20.86614173,0,0
1686,0.302,2.840909091,28.74015748,0,0
1687,0.314,2.460629921,25.98425197,1,0
1688,0.297,2.348783107,22.83464567,0,0
1689,0.23,2.550107373,28.34645669,0,0
1690,0.295,2.169828203,22.44094488,0,0
1691,0.326,1.722440945,19.68503937,1,0
1692,0.295,2.550107373,24.01574803,0,0
1693,0.319,2.997494631,31.1023622,0,0
1694,0.268,2.952755906,31.88976378,0,0
1695,0.251,3.735683608,34.2519685,0,0
1696,0.32,1.856657122,20.47244094,0,0
1697,0.287,2.438260558,20.07874016,0,0
1698,0.295,2.460629921,21.65354331,0,0
1699,0.295,2.326413744,22.44094488,0,0
1700,0.298,1.856657122,25.98425197,0,0
1701,0.277,1.230314961,18.8976378,0,0
1702,0.315,1.767179671,17.71653543,0,0
1703,0.282,3.221188261,29.13385827,0,0
1704,0.285,3.310665712,29.52755906,0,0
1705,0.341,3.869899785,33.46456693,0,0
1706,0.291,1.185576235,18.50393701,0,0
1707,0.306,2.706692913,26.77165354,0,0
1708,0.305,2.550107373,25.59055118,0,0
1709,0.298,1.789549034,19.68503937,0,0
1710,0.293,3.802791696,34.64566929,0,0
1711,0.29,2.482999284,25.98425197,0,0
1712,0.286,2.90801718,29.52755906,0,0
1713,0.293,3.221188261,31.1023622,0,0
1714,0.301,2.326413744,23.62204724,0,0
1715,0.3,2.751431639,24.40944882,0,0
1716,0.268,3.556728704,31.88976378,0,0
1717,0.269,3.086972083,28.74015748,0,0
1718,0.289,2.952755906,28.34645669,0,0
1719,0.267,3.735683608,33.85826772,0,0
1720,0.276,2.818539728,28.34645669,0,0
1721,0.285,3.154080172,28.74015748,0,0
1722,0.298,2.013242663,27.55905512,0,0
1723,0.292,2.639584825,24.80314961,0,0
1724,0.279,1.789549034,18.50393701,0,0
1725,0.296,3.243557623,29.52755906,0,0
1726,0.265,3.176449535,32.87401575,0,0
1727,0.279,3.668575519,30.70866142,0,0
1728,0.29,2.930386543,27.95275591,0,0
1729,0.288,2.415891195,21.65354331,0,0
1730,0.257,3.60146743,34.2519685,0,0
1731,0.279,3.467251253,21.65354331,0,0
1732,0.312,2.281675018,22.83464567,0,0
1733,0.272,3.556728704,31.88976378,0,0
1734,0.269,2.90801718,27.55905512,0,0
1735,0.318,3.109341446,30.31496063,0,0
1736,0.267,3.467251253,31.49606299,0,0
1737,0.263,2.102720115,23.62204724,0,0
1738,0.274,3.44488189,31.49606299,0,0
1739,0.26,3.467251253,35.03937008,0,0
1740,0.278,1.9908733,21.65354331,0,0
1741,0.234,2.751431639,27.16535433,0,0
1742,0.303,2.639584825,24.01574803,0,0
1743,0.267,3.042233357,25.98425197,0,0
1744,0.2683333333,3.072059174,29.92125984,0,0
1745,0.279,2.393521832,29.52755906,0,0
1746,0.307,2.706692913,30.31496063,0,0
1747,0.342,2.594846099,24.40944882,0,0
1748,0.293,3.288296349,27.55905512,0,0
1749,0.315,2.304044381,22.44094488,1,1
1750,0.293,2.661954188,25.59055118,0,0
1751,0.29,3.042233357,27.55905512,0,0
1752,0.29,2.572476736,21.65354331,0,0
1753,0.305,2.326413744,25.19685039,0,0
1754,0.276,3.400143164,28.34645669,0,0
1755,0.319,1.923765211,19.68503937,1,0
1756,0.256,2.415891195,25.59055118,0,0
1757,0.291,3.511989979,30.70866142,0,0
1758,0.324,2.169828203,23.62204724,0,0
1759,0.269,3.154080172,28.34645669,0,0
1760,0.264,3.646206156,32.28346457,0,0
1761,0.305,1.700071582,23.62204724,0,0
1762,0.25,2.192197566,23.62204724,0,0
1763,0.278,2.975125268,29.92125984,0,0
1764,0.322,2.125089477,22.04724409,1,1
1765,0.307,1.409269864,17.71653543,0,0
1766,0.338,1.677702219,19.29133858,1,0
1767,0.32,2.415891195,25.19685039,1,0
1768,0.324,1.655332856,19.29133858,0,0
1769,0.274,3.131710809,28.74015748,0,0
1770,0.264,2.975125268,29.92125984,0,0
1771,0.261,1.9908733,21.25984252,0,0
1772,0.296,3.154080172,29.52755906,0,0
1773,0.317,2.729062276,27.16535433,0,0
1774,0.288,2.975125268,27.16535433,0,0
1775,0.265,3.623836793,31.88976378,0,0
1776,0.337,2.639584825,24.80314961,1,1
1777,0.282,3.243557623,29.13385827,0,0
1778,0.284,3.154080172,29.92125984,0,0
1779,0.2648,3.16899308,30.24934383,0,0
1780,0.245,3.06460272,31.1023622,0,0
1781,0.268,2.192197566,27.95275591,0,0
1782,0.275,2.639584825,28.74015748,0,0
1783,0.277,1.767179671,22.04724409,0,0
1784,0.271,3.892269148,33.07086614,0,0
1785,0.295,1.879026485,18.50393701,0,0
1786,0.272,2.192197566,22.04724409,0,0
1787,0.283,3.534359341,35.82677165,0,0
1788,0.32,2.236936292,24.01574803,1,0
1789,0.294,2.661954188,25.98425197,0,0
1790,0.263,2.952755906,36.61417323,0,0
1791,0.266,3.758052971,34.2519685,0,0
1792,0.282,2.52773801,22.83464567,0,0
1793,0.236,1.498747316,19.68503937,0,0
1794,0.2472,3.562321045,33.26771654,0,0
1795,0.267,3.534359341,33.07086614,0,0
1796,0.324,2.59281252,27.98854689,0,0
1797,0.307,2.102720115,27.16535433,0,0
1798,0.245,2.729062276,29.92125984,0,0
1799,0.276,2.482999284,26.37795276,0,0
1800,0.256,3.109341446,24.80314961,0,0
1801,0.29,2.997494631,28.74015748,0,0
1802,0.341,2.773801002,23.62204724,0,0
1803,0.242,2.729062276,26.77165354,0,0
1804,0.292,2.617215462,29.92125984,0,0
1805,0.342,2.997494631,24.80314961,0,0
1806,0.324,2.169828203,23.62204724,0,0
1807,0.287,3.847530422,31.49606299,0,0
1808,0.289,2.214566929,20.86614173,0,0
1809,0.266,3.198818898,31.49606299,0,0
1810,0.295,2.729062276,28.74015748,0,0
1811,0.267,2.796170365,27.95275591,0,0
1812,0.277,1.655332856,25.19685039,0,0
1813,0.29,1.722440945,24.01574803,0,0
1814,0.306,3.758052971,34.64566929,0,0
1815,0.287,3.869899785,36.22047244,0,0
1816,0.312,2.90801718,28.34645669,1,0
1817,0.331,1.275053686,19.68503937,0,0
1818,0.29,2.102720115,21.25984252,0,0
1819,0.267,2.952755906,24.80314961,0,0
1820,0.279,2.818539728,28.34645669,1,0
1821,0.294,2.572476736,25.19685039,0,0
1822,0.264,1.677702219,19.29133858,0,0
1823,0.28,2.843705261,31.2007874,0,0
1824,0.261,2.057981389,17.32283465,0,0
1825,0.29,2.572476736,31.88976378,1,0
1826,0.27,3.019863994,26.77165354,0,0
1827,0.313,1.722440945,21.65354331,1,0
1828,0.293,2.818539728,28.74015748,0,0
1829,0.261,2.639584825,24.40944882,0,0
1830,0.257,1.521116679,19.29133858,0,0
1831,0.298,4.026485326,35.43307087,0,0
1832,0.267,3.422512527,29.13385827,0,0
1833,0.27,3.221188261,32.28346457,0,0
1834,0.292,3.131710809,29.13385827,0,0
1835,0.275,3.019863994,27.16535433,0,0
1836,0.2595,3.165264853,29.13385827,0,0
1837,0.289,2.706692913,27.95275591,0,0
1838,0.27,3.176449535,29.13385827,0,0
1839,0.322,1.632963493,18.11023622,0,1
1840,0.269,3.892269148,36.61417323,0,0
1841,0.248,3.243557623,25.98425197,0,0
1842,0.3,2.930386543,30.31496063,0,0
1843,0.318,2.125089477,20.47244094,1,0
1844,0.246,4.115962777,37.79527559,0,0
1845,0.326,4.048854689,34.2519685,0,0
1846,0.334,2.550107373,24.80314961,1,1
1847,0.254,1.879026485,19.68503937,0,0
1848,0.301,2.057981389,24.01574803,0,0
1849,0.276,3.60146743,33.07086614,0,0
1850,0.281,3.198818898,29.92125984,0,0
1851,0.321,1.968503937,23.62204724,1,0
1852,0.281,3.646206156,31.49606299,0,0
1853,0.241,2.885647817,28.34645669,0,0
1854,0.304,3.377773801,31.88976378,0,0
1855,0.268,3.556728704,32.28346457,0,0
1856,0.305,2.952755906,28.34645669,0,0
1857,0.323,2.259305655,22.44094488,0,1
1858,0.272,3.579098067,31.1023622,0,0
1859,0.287,3.780422334,34.2519685,0,0
1860,0.255,2.415891195,23.62204724,0,0
1861,0.266,2.482999284,26.77165354,0,0
1862,0.291,3.198818898,33.07086614,0,0
1863,0.306,2.930386543,23.62204724,0,0
1864,0.321,1.118468146,16.14173228,0,0
1865,0.28,3.511989979,31.88976378,0,0
1866,0.303,2.236936292,23.62204724,0,0
1867,0.308,3.265926986,31.1023622,0,0
1868,0.292,2.751431639,27.95275591,0,0
1869,0.299,3.333035075,31.1023622,0,0
1870,0.266,2.796170365,27.55905512,0,0
1871,0.276,3.44488189,33.07086614,0,0
1872,0.318,2.102720115,22.44094488,0,0
1873,0.236,3.489620616,30.70866142,0,0
1874,0.283,1.431639227,16.92913386,0,0
1875,0.294,3.713314245,31.88976378,0,0
1876,0.304,2.885647817,27.55905512,0,0
1877,0.309,3.690944882,32.28346457,0,0
1878,0.261,2.90801718,25.19685039,0,0
1879,0.25,3.06460272,30.31496063,0,0
1880,0.315,2.438260558,26.77165354,0,0
1881,0.284,3.690944882,31.49606299,0,0
1882,0.256,3.646206156,33.07086614,0,0
1883,0.302,2.415891195,21.65354331,0,0
1884,0.282,2.661954188,32.67716535,0,0
1885,0.23,3.042233357,27.16535433,0,0
1886,0.343,1.946134574,25.59055118,0,0
1887,0.282,2.729062276,28.74015748,0,0
1888,0.27,2.706692913,34.2519685,0,0
1889,0.281,2.236936292,22.83464567,0,0
1890,0.308,2.505368647,20.47244094,0,0
1891,0.201,1.521116679,20.86614173,0,0
1892,0.271,2.236936292,22.83464567,0,0
1893,0.266,2.975125268,27.55905512,0,0
1894,0.268,3.511989979,31.1023622,0,0
1895,0.301,2.304044381,23.22834646,0,0
1896,0.241,2.505368647,25.59055118,0,0
1897,0.339,3.489620616,28.34645669,0,0
1898,0.325,1.946134574,24.80314961,0,0
1899,0.264,2.102720115,21.25984252,0,0
1900,0.301,3.668575519,24.01574803,0,0
1901,0.32,3.758052971,33.85826772,0,0
1902,0.274,3.377773801,30.31496063,0,0
1903,0.263,3.489620616,32.28346457,0,0
1904,0.271,3.422512527,33.07086614,0,0
1905,0.254,3.422512527,30.31496063,0,0
1906,0.274,2.37115247,24.01574803,0,0
1907,0.276,3.221188261,32.67716535,0,0
1908,0.308,3.44488189,29.92125984,0,0
1909,0.269,3.288296349,30.31496063,0,0
1910,0.254,3.176449535,26.77165354,0,0
1911,0.275,3.243557623,32.67716535,0,0
1912,0.297,3.489620616,29.13385827,0,0
1913,0.282,3.310665712,31.1023622,0,0
1914,0.283,2.550107373,26.37795276,0,0
1915,0.258,3.265926986,27.95275591,0,0
1916,0.273,2.125089477,23.22834646,0,0
1917,0.291,2.885647817,24.40944882,0,0
1918,0.249,2.751431639,32.28346457,0,0
1919,0.291,1.923765211,16.92913386,0,0
1920,0.275,3.646206156,34.2519685,0,0
1921,0.347,2.125089477,31.49606299,0,0
1922,0.28,2.639584825,26.37795276,0,0
1923,0.217,2.52773801,25.98425197,0,0
1924,0.32,2.68432355,29.13385827,0,0
1925,0.285,3.176449535,27.55905512,0,0
1926,0.294,3.221188261,30.70866142,0,0
1927,0.316,2.482999284,22.83464567,1,1
1928,0.272,1.230314961,18.8976378,0,0
1929,0.273,3.400143164,32.28346457,0,0
1930,0.276,3.333035075,33.07086614,0,0
1931,0.311,1.61059413,17.71653543,1,0
1932,0.242,3.825161059,33.07086614,0,0
1933,0.311,3.355404438,30.31496063,0,0
1934,0.303,2.751431639,27.55905512,1,0
1935,0.26,3.176449535,31.1023622,0,0
1936,0.286,2.952755906,25.98425197,0,0
1937,0.295,3.400143164,31.49606299,0,0
1938,0.248,3.06460272,27.55905512,0,0
1939,0.31,3.400143164,31.49606299,0,0
1940,0.28,2.68432355,27.55905512,0,0
1941,0.276,3.176449535,30.70866142,0,0
1942,0.293,2.840909091,25.98425197,0,0
1943,0.267,2.885647817,29.52755906,0,0
1944,0.274,2.661954188,28.74015748,0,0
1945,0.296,1.767179671,18.8976378,1,0
1946,0.3285,1.811918397,22.83464567,0,0
1947,0.297,1.856657122,20.47244094,0,0
1948,0.31,3.511989979,27.16535433,0,0
1949,0.268,2.348783107,24.40944882,0,0
1950,0.332,1.498747316,18.50393701,0,0
1951,0.263,2.997494631,29.13385827,0,0
1952,0.268,3.892269148,30.70866142,0,0
1953,0.281,2.415891195,23.22834646,0,0
1954,0.285,3.109341446,30.31496063,0,0
1955,0.319,2.863278454,29.13385827,1,0
1956,0.231,2.37115247,21.25984252,0,0
1957,0.32,2.214566929,23.62204724,0,0
1958,0.288,1.409269864,24.80314961,0,0
1959,0.283,3.221188261,30.31496063,0,0
1960,0.244,2.863278454,31.1023622,0,0
1961,0.261,4.719935576,40.5511811,0,0
1962,0.32,2.840909091,27.95275591,0,0
1963,0.279,3.198818898,29.92125984,1,0
1964,0.27,3.377773801,31.88976378,0,0
1965,0.288,2.90801718,29.13385827,0,0
1966,0.321,3.623836793,31.49606299,0,0
1967,0.329,2.102720115,20.07874016,0,1
1968,0.277,2.52773801,27.16535433,0,0
1969,0.245,2.482999284,24.40944882,0,0
1970,0.315,2.930386543,28.34645669,1,0
1971,0.26,3.668575519,29.92125984,0,0
1972,0.289,3.019863994,30.70866142,0,0
1973,0.283,3.265926986,29.92125984,0,0
1974,0.313,3.154080172,27.55905512,0,0
1975,0.319,2.259305655,22.44094488,0,1
1976,0.282,4.406764495,40.5511811,0,0
1977,0.28,2.930386543,25.59055118,0,0
1978,0.293,2.550107373,25.98425197,0,0
1979,0.286,2.751431639,27.55905512,0,0
1980,0.25,3.467251253,30.70866142,0,0
1981,0.287,2.68432355,25.19685039,0,0
1982,0.296,4.026485326,35.43307087,0,0
1983,0.247,3.9817466,35.03937008,0,0
1984,0.294,1.655332856,22.44094488,0,0
1985,0.284,2.840909091,27.95275591,0,0
1986,0.272,2.997494631,31.49606299,0,0
1987,0.293,3.042233357,29.52755906,0,0
1988,0.247,2.840909091,31.88976378,0,0
1989,0.311,2.550107373,26.37795276,0,0
1990,0.266,2.818539728,28.34645669,0,0
1991,0.258,3.042233357,30.70866142,0,0
1992,0.243,2.594846099,24.01574803,0,0
1993,0.314,3.333035075,29.92125984,0,0
1994,0.27,2.035612026,27.55905512,0,0
1995,0.257,2.706692913,28.74015748,0,0
1996,0.291,2.997494631,28.74015748,0,0
1997,0.271,2.214566929,21.25984252,0,0
1998,0.294,2.773801002,25.19685039,0,0
1999,0.302,3.310665712,28.74015748,0,0
2000,0.292,1.946134574,21.65354331,0,0
2001,0.265,3.288296349,32.28346457,0,0
2002,0.273,2.550107373,25.59055118,0,0
2003,0.283,1.9908733,20.07874016,0,0
2004,0.304,1.968503937,25.19685039,0,0
2005,0.303,2.840909091,30.31496063,0,0
2006,0.243,3.9817466,31.88976378,0,0
2007,0.275,2.214566929,24.01574803,0,0
2008,0.287,2.661954188,26.37795276,0,0
2009,0.318,3.646206156,33.46456693,0,0
2010,0.264,1.185576235,14.56692913,0,0
2011,0.2955,2.889376044,29.06824147,0,0
2012,0.268,3.556728704,28.74015748,0,0
2013,0.342,1.319792412,19.68503937,0,0
2014,0.264,3.758052971,29.13385827,0,0
2015,0.276,3.377773801,30.31496063,0,0
2016,0.266,3.60146743,33.85826772,0,0
2017,0.287,3.377773801,33.07086614,0,0
2018,0.24,3.579098067,33.85826772,0,0
2019,0.278,3.467251253,33.85826772,0,0
2020,0.283,3.623836793,31.1023622,0,0
2021,0.28,2.68432355,28.34645669,0,0
2022,0.305,2.505368647,24.40944882,0,0
2023,0.295,2.68432355,27.55905512,0,0
2024,0.286,2.840909091,32.28346457,0,0
